feature,weight
CC_VERSION_TEXT,12
CC_IS_GCC,12
GCC_VERSION,12
AS_IS_GNU,12
AS_VERSION,12
LD_IS_BFD,10
LD_VERSION,12
RUSTC_VERSION,6
RUST_IS_AVAILABLE,6
RUSTC_LLVM_VERSION,6
CC_CAN_LINK,12
CC_HAS_ASM_GOTO_OUTPUT,10
CC_HAS_ASM_GOTO_TIED_OUTPUT,10
TOOLS_SUPPORT_RELR,6
CC_HAS_ASM_INLINE,12
CC_HAS_ASSUME,6
CC_HAS_NO_PROFILE_FN_ATTR,10
CC_HAS_COUNTED_BY,6
CC_HAS_MULTIDIMENSIONAL_NONSTRING,6
LD_CAN_USE_KEEP_IN_OVERLAY,6
RUSTC_HAS_COERCE_POINTEE,6
RUSTC_HAS_SPAN_FILE,6
RUSTC_HAS_UNNECESSARY_TRANSMUTES,6
RUSTC_HAS_FILE_WITH_NUL,6
RUSTC_HAS_FILE_AS_C_STR,6
PAHOLE_VERSION,10
IRQ_WORK,12
BUILDTIME_TABLE_SORT,12
THREAD_INFO_IN_TASK,12
INIT_ENV_ARG_LIMIT,12
LOCALVERSION_AUTO,4
HAVE_KERNEL_GZIP,12
HAVE_KERNEL_BZIP2,12
HAVE_KERNEL_LZMA,12
HAVE_KERNEL_XZ,12
HAVE_KERNEL_LZO,12
HAVE_KERNEL_LZ4,12
HAVE_KERNEL_ZSTD,12
KERNEL_ZSTD,6
DEFAULT_HOSTNAME,12
SYSVIPC,12
SYSVIPC_SYSCTL,12
SYSVIPC_COMPAT,12
POSIX_MQUEUE,12
POSIX_MQUEUE_SYSCTL,12
WATCH_QUEUE,6
CROSS_MEMORY_ATTACH,12
AUDIT,12
HAVE_ARCH_AUDITSYSCALL,12
AUDITSYSCALL,12
GENERIC_IRQ_PROBE,12
GENERIC_IRQ_SHOW,12
GENERIC_IRQ_EFFECTIVE_AFF_MASK,12
GENERIC_PENDING_IRQ,12
GENERIC_IRQ_MIGRATION,12
GENERIC_IRQ_INJECTION,12
HARDIRQS_SW_RESEND,12
GENERIC_IRQ_CHIP,10
IRQ_DOMAIN,12
IRQ_SIM,6
IRQ_DOMAIN_HIERARCHY,12
GENERIC_MSI_IRQ,12
GENERIC_IRQ_MATRIX_ALLOCATOR,12
GENERIC_IRQ_RESERVATION_MODE,12
GENERIC_IRQ_STAT_SNAPSHOT,6
IRQ_FORCED_THREADING,12
SPARSE_IRQ,12
CLOCKSOURCE_WATCHDOG,12
ARCH_CLOCKSOURCE_INIT,12
GENERIC_TIME_VSYSCALL,12
GENERIC_CLOCKEVENTS,12
GENERIC_CLOCKEVENTS_BROADCAST,12
GENERIC_CLOCKEVENTS_BROADCAST_IDLE,6
GENERIC_CLOCKEVENTS_MIN_ADJUST,12
GENERIC_CMOS_UPDATE,12
HAVE_POSIX_CPU_TIMERS_TASK_WORK,12
POSIX_CPU_TIMERS_TASK_WORK,12
CONTEXT_TRACKING,10
CONTEXT_TRACKING_IDLE,10
TICK_ONESHOT,12
NO_HZ_COMMON,12
NO_HZ_FULL,10
CONTEXT_TRACKING_USER,10
NO_HZ,6
HIGH_RES_TIMERS,12
CLOCKSOURCE_WATCHDOG_MAX_SKEW_US,10
POSIX_AUX_CLOCKS,6
BPF,12
HAVE_EBPF_JIT,12
ARCH_WANT_DEFAULT_BPF_JIT,12
BPF_SYSCALL,12
BPF_JIT,12
BPF_JIT_ALWAYS_ON,6
BPF_JIT_DEFAULT_ON,12
BPF_UNPRIV_DEFAULT_OFF,12
BPF_LSM,12
PREEMPT_BUILD,10
ARCH_HAS_PREEMPT_LAZY,6
PREEMPT,4
PREEMPT_COUNT,10
PREEMPTION,10
PREEMPT_DYNAMIC,10
SCHED_CORE,6
SCHED_CLASS_EXT,6
VIRT_CPU_ACCOUNTING,10
VIRT_CPU_ACCOUNTING_GEN,10
IRQ_TIME_ACCOUNTING,6
HAVE_SCHED_AVG_IRQ,6
BSD_PROCESS_ACCT,12
BSD_PROCESS_ACCT_V3,12
TASKSTATS,12
TASK_DELAY_ACCT,12
TASK_XACCT,12
TASK_IO_ACCOUNTING,12
PSI,12
CPU_ISOLATION,12
TREE_RCU,12
PREEMPT_RCU,10
RCU_EXPERT,4
TREE_SRCU,12
TASKS_RCU_GENERIC,12
NEED_TASKS_RCU,6
TASKS_RCU,10
TASKS_RUDE_RCU,12
TASKS_TRACE_RCU,12
RCU_STALL_COMMON,12
RCU_NEED_SEGCBLIST,12
RCU_FANOUT,4
RCU_FANOUT_LEAF,4
RCU_BOOST,4
RCU_BOOST_DELAY,4
RCU_NOCB_CPU,10
RCU_LAZY,4
RCU_DOUBLE_CHECK_CB_TIME,4
IKCONFIG,4
IKCONFIG_PROC,4
IKHEADERS,6
LOG_BUF_SHIFT,12
LOG_CPU_MAX_BUF_SHIFT,12
PRINTK_INDEX,6
HAVE_UNSTABLE_SCHED_CLOCK,12
UCLAMP_TASK,6
UCLAMP_BUCKETS_COUNT,6
ARCH_SUPPORTS_NUMA_BALANCING,12
ARCH_WANT_BATCHED_UNMAP_TLB_FLUSH,12
CC_HAS_INT128,12
CC_IMPLICIT_FALLTHROUGH,10
GCC10_NO_ARRAY_BOUNDS,10
CC_NO_ARRAY_BOUNDS,10
GCC_NO_STRINGOP_OVERFLOW,6
CC_NO_STRINGOP_OVERFLOW,6
ARCH_SUPPORTS_INT128,12
NUMA_BALANCING,12
NUMA_BALANCING_DEFAULT_ENABLED,12
SLAB_OBJ_EXT,6
CGROUPS,12
PAGE_COUNTER,12
MEMCG,12
BLK_CGROUP,12
CGROUP_WRITEBACK,12
CGROUP_SCHED,12
GROUP_SCHED_WEIGHT,6
GROUP_SCHED_BANDWIDTH,6
FAIR_GROUP_SCHED,12
CFS_BANDWIDTH,12
EXT_GROUP_SCHED,6
SCHED_MM_CID,6
UCLAMP_TASK_GROUP,6
CGROUP_PIDS,12
CGROUP_RDMA,12
CGROUP_DMEM,6
CGROUP_FREEZER,12
CGROUP_HUGETLB,12
CPUSETS,12
CGROUP_DEVICE,12
CGROUP_CPUACCT,12
CGROUP_PERF,12
CGROUP_BPF,12
CGROUP_MISC,10
SOCK_CGROUP_DATA,12
NAMESPACES,12
UTS_NS,12
TIME_NS,12
IPC_NS,12
USER_NS,12
PID_NS,12
NET_NS,12
CHECKPOINT_RESTORE,12
SCHED_AUTOGROUP,12
RELAY,12
BLK_DEV_INITRD,12
RD_GZIP,12
RD_BZIP2,12
RD_LZMA,12
RD_XZ,12
RD_LZO,12
RD_LZ4,12
RD_ZSTD,12
BOOT_CONFIG,6
INITRAMFS_PRESERVE_MTIME,8
CC_OPTIMIZE_FOR_PERFORMANCE,12
LD_ORPHAN_WARN,12
LD_ORPHAN_WARN_LEVEL,6
SYSCTL,12
HAVE_UID16,12
SYSCTL_EXCEPTION_TRACE,12
HAVE_PCSPKR_PLATFORM,12
UID16,12
MULTIUSER,12
SGETMASK_SYSCALL,12
FHANDLE,12
POSIX_TIMERS,12
PRINTK,12
BUG,12
ELF_CORE,12
PCSPKR_PLATFORM,12
FUTEX,12
FUTEX_PI,12
FUTEX_PRIVATE_HASH,6
FUTEX_MPOL,6
EPOLL,12
SIGNALFD,12
TIMERFD,12
EVENTFD,12
SHMEM,12
AIO,12
IO_URING,12
ADVISE_SYSCALLS,12
MEMBARRIER,12
KCMP,12
RSEQ,12
CACHESTAT_SYSCALL,6
KALLSYMS,12
KALLSYMS_ALL,12
ARCH_HAS_MEMBARRIER_SYNC_CORE,12
ARCH_SUPPORTS_MSEAL_SYSTEM_MAPPINGS,6
HAVE_PERF_EVENTS,12
GUEST_PERF_EVENTS,10
PERF_EVENTS,12
SYSTEM_DATA_VERIFICATION,12
PROFILING,12
RUST,6
RUSTC_VERSION_TEXT,6
BINDGEN_VERSION_TEXT,6
TRACEPOINTS,12
CRASH_RESERVE,6
VMCORE_INFO,6
KEXEC_CORE,12
KEXEC,12
KEXEC_FILE,12
KEXEC_SIG,12
KEXEC_BZIMAGE_VERIFY_SIG,12
KEXEC_JUMP,6
KEXEC_HANDOVER,6
CRASH_DUMP,12
CRASH_DM_CRYPT,6
CRASH_DM_CRYPT_CONFIGS,6
CRASH_HOTPLUG,6
CRASH_MAX_MEMORY_RANGES,6
64BIT,12
X86_64,12
X86,12
INSTRUCTION_DECODER,12
OUTPUT_FORMAT,12
LOCKDEP_SUPPORT,12
STACKTRACE_SUPPORT,12
MMU,12
ARCH_MMAP_RND_BITS_MIN,12
ARCH_MMAP_RND_BITS_MAX,12
ARCH_MMAP_RND_COMPAT_BITS_MIN,12
ARCH_MMAP_RND_COMPAT_BITS_MAX,12
GENERIC_ISA_DMA,12
GENERIC_BUG,12
GENERIC_BUG_RELATIVE_POINTERS,12
ARCH_MAY_HAVE_PC_FDC,12
GENERIC_CALIBRATE_DELAY,12
ARCH_HAS_CPU_RELAX,12
ARCH_HIBERNATION_POSSIBLE,12
ARCH_SUSPEND_POSSIBLE,12
AUDIT_ARCH,12
HAVE_INTEL_TXT,12
ARCH_SUPPORTS_UPROBES,12
FIX_EARLYCON_MEM,12
DYNAMIC_PHYSICAL_MASK,12
PGTABLE_LEVELS,12
SMP,12
X86_X2APIC,12
AMD_SECURE_AVIC,6
X86_POSTED_MSI,6
X86_MPPARSE,12
X86_CPU_RESCTRL,12
X86_FRED,6
X86_INTEL_LPSS,12
X86_AMD_PLATFORM_DEVICE,12
IOSF_MBI,12
X86_SUPPORTS_MEMORY_FAILURE,12
SCHED_OMIT_FRAME_POINTER,12
HYPERVISOR_GUEST,12
PARAVIRT,12
PARAVIRT_XXL,12
PARAVIRT_SPINLOCKS,12
X86_HV_CALLBACK_VECTOR,12
XEN,12
XEN_PV,12
XEN_512GB,12
XEN_PV_SMP,12
XEN_PV_DOM0,10
XEN_PVHVM,12
XEN_PVHVM_SMP,12
XEN_PVHVM_GUEST,10
XEN_PVH,12
XEN_DOM0,12
XEN_PV_MSR_SAFE,10
KVM_GUEST,12
ARCH_CPUIDLE_HALTPOLL,12
PVH,12
PARAVIRT_TIME_ACCOUNTING,6
PARAVIRT_CLOCK,12
JAILHOUSE_GUEST,4
ACRN_GUEST,6
BHYVE_GUEST,6
INTEL_TDX_GUEST,6
CC_HAS_MARCH_NATIVE,6
X86_INTERNODE_CACHE_SHIFT,12
X86_L1_CACHE_SHIFT,12
X86_TSC,12
X86_HAVE_PAE,6
X86_CX8,6
X86_CMOV,12
X86_MINIMUM_CPU_FAMILY,12
X86_DEBUGCTLMSR,12
IA32_FEAT_CTL,12
X86_VMX_FEATURE_NAMES,12
BROADCAST_TLB_FLUSH,6
CPU_SUP_INTEL,12
CPU_SUP_AMD,12
CPU_SUP_HYGON,12
CPU_SUP_CENTAUR,12
CPU_SUP_ZHAOXIN,12
HPET_TIMER,12
HPET_EMULATE_RTC,12
DMI,12
BOOT_VESA_SUPPORT,10
MAXSMP,12
NR_CPUS_RANGE_BEGIN,12
NR_CPUS_RANGE_END,12
NR_CPUS_DEFAULT,12
NR_CPUS,12
SCHED_MC_PRIO,12
X86_LOCAL_APIC,12
ACPI_MADT_WAKEUP,6
X86_IO_APIC,12
X86_REROUTE_FOR_BROKEN_BOOT_IRQS,12
X86_MCE,12
X86_MCE_INTEL,12
X86_MCE_AMD,12
X86_MCE_THRESHOLD,12
X86_MCE_INJECT,12
PERF_EVENTS_INTEL_UNCORE,12
PERF_EVENTS_INTEL_RAPL,12
PERF_EVENTS_INTEL_CSTATE,12
PERF_EVENTS_AMD_POWER,12
PERF_EVENTS_AMD_UNCORE,10
PERF_EVENTS_AMD_BRS,6
X86_16BIT,12
X86_ESPFIX64,12
X86_VSYSCALL_EMULATION,12
X86_IOPL_IOPERM,12
MICROCODE,12
X86_MSR,12
X86_CPUID,12
X86_DIRECT_GBPAGES,12
X86_CPA_STATISTICS,6
X86_MEM_ENCRYPT,10
AMD_MEM_ENCRYPT,12
NUMA,12
AMD_NUMA,12
X86_64_ACPI_NUMA,12
NODES_SHIFT,12
ARCH_SPARSEMEM_ENABLE,12
ARCH_SPARSEMEM_DEFAULT,12
ARCH_PROC_KCORE_TEXT,12
ILLEGAL_POINTER_VALUE,12
X86_PMEM_LEGACY_DEVICE,12
X86_PMEM_LEGACY,12
X86_CHECK_BIOS_CORRUPTION,6
X86_BOOTPARAM_MEMORY_CORRUPTION_CHECK,4
MTRR,12
MTRR_SANITIZER,12
MTRR_SANITIZER_ENABLE_DEFAULT,6
X86_PAT,12
X86_UMIP,12
CC_HAS_IBT,10
X86_CET,6
X86_KERNEL_IBT,6
X86_INTEL_MEMORY_PROTECTION_KEYS,12
ARCH_PKEY_BITS,6
X86_INTEL_TSX_MODE_AUTO,4
X86_SGX,10
X86_USER_SHADOW_STACK,6
INTEL_TDX_HOST,6
EFI,12
EFI_STUB,12
EFI_HANDOVER_PROTOCOL,10
EFI_MIXED,12
EFI_RUNTIME_MAP,12
HZ_1000,6
HZ,12
SCHED_HRTICK,12
ARCH_SUPPORTS_KEXEC,6
ARCH_SUPPORTS_KEXEC_FILE,6
ARCH_SELECTS_KEXEC_FILE,6
ARCH_SUPPORTS_KEXEC_PURGATORY,6
ARCH_SUPPORTS_KEXEC_SIG,6
ARCH_SUPPORTS_KEXEC_SIG_FORCE,6
ARCH_SUPPORTS_KEXEC_BZIMAGE_VERIFY_SIG,6
ARCH_SUPPORTS_KEXEC_JUMP,6
ARCH_SUPPORTS_KEXEC_HANDOVER,6
ARCH_SUPPORTS_CRASH_DUMP,6
ARCH_DEFAULT_CRASH_DUMP,6
ARCH_SUPPORTS_CRASH_HOTPLUG,6
ARCH_HAS_GENERIC_CRASHKERNEL_RESERVATION,6
PHYSICAL_START,12
RELOCATABLE,12
RANDOMIZE_BASE,12
X86_NEED_RELOCS,12
PHYSICAL_ALIGN,12
RANDOMIZE_MEMORY,12
RANDOMIZE_MEMORY_PHYSICAL_PADDING,12
HOTPLUG_CPU,12
LEGACY_VSYSCALL_XONLY,6
MODIFY_LDT_SYSCALL,12
HAVE_LIVEPATCH,12
X86_BUS_LOCK_DETECT,6
CC_HAS_NAMED_AS,6
CC_HAS_NAMED_AS_FIXED_SANITIZERS,6
USE_X86_SEG_SUPPORT,6
CC_HAS_SLS,10
CC_HAS_RETURN_THUNK,12
CC_HAS_ENTRY_PADDING,6
FUNCTION_PADDING_CFI,6
FUNCTION_PADDING_BYTES,6
CALL_PADDING,6
HAVE_CALL_THUNKS,6
CALL_THUNKS,6
PREFIX_SYMBOLS,6
CPU_MITIGATIONS,12
MITIGATION_PAGE_TABLE_ISOLATION,6
MITIGATION_RETPOLINE,6
MITIGATION_RETHUNK,6
MITIGATION_UNRET_ENTRY,6
MITIGATION_CALL_DEPTH_TRACKING,6
MITIGATION_IBPB_ENTRY,6
MITIGATION_IBRS_ENTRY,6
MITIGATION_SRSO,6
MITIGATION_SLS,6
MITIGATION_GDS,6
MITIGATION_RFDS,12
MITIGATION_SPECTRE_BHI,10
MITIGATION_MDS,6
MITIGATION_TAA,6
MITIGATION_MMIO_STALE_DATA,6
MITIGATION_L1TF,6
MITIGATION_RETBLEED,6
MITIGATION_SPECTRE_V1,6
MITIGATION_SPECTRE_V2,6
MITIGATION_SRBDS,6
MITIGATION_SSB,6
MITIGATION_ITS,10
MITIGATION_TSA,10
MITIGATION_VMSCAPE,9
ARCH_HAS_ADD_PAGES,12
ARCH_HIBERNATION_HEADER,12
SUSPEND,12
SUSPEND_FREEZER,12
HIBERNATE_CALLBACKS,12
HIBERNATION,12
HIBERNATION_SNAPSHOT_DEV,12
HIBERNATION_COMP_LZO,6
HIBERNATION_DEF_COMP,6
PM_SLEEP,12
PM_SLEEP_SMP,12
PM,12
PM_DEBUG,12
PM_SLEEP_DEBUG,12
PM_TRACE,6
PM_TRACE_RTC,6
PM_CLK,12
PM_GENERIC_DOMAINS,12
WQ_POWER_EFFICIENT_DEFAULT,4
PM_GENERIC_DOMAINS_SLEEP,12
ENERGY_MODEL,12
ARCH_SUPPORTS_ACPI,12
ACPI,12
ACPI_LEGACY_TABLES_LOOKUP,12
ARCH_MIGHT_HAVE_ACPI_PDC,12
ACPI_SYSTEM_POWER_STATES_SUPPORT,12
ACPI_TABLE_LIB,10
ACPI_THERMAL_LIB,6
ACPI_SPCR_TABLE,12
ACPI_FPDT,6
ACPI_LPIT,12
ACPI_SLEEP,12
ACPI_REV_OVERRIDE_POSSIBLE,12
ACPI_EC,6
ACPI_EC_DEBUGFS,4
ACPI_AC,12
ACPI_BATTERY,12
ACPI_BUTTON,12
ACPI_VIDEO,12
ACPI_FAN,12
ACPI_TAD,12
ACPI_DOCK,12
ACPI_CPU_FREQ_PSS,12
ACPI_PROCESSOR_CSTATE,12
ACPI_PROCESSOR_IDLE,12
ACPI_CPPC_LIB,12
ACPI_PROCESSOR,12
ACPI_IPMI,12
ACPI_HOTPLUG_CPU,12
ACPI_PROCESSOR_AGGREGATOR,12
ACPI_THERMAL,12
ACPI_PLATFORM_PROFILE,10
ARCH_HAS_ACPI_TABLE_UPGRADE,12
ACPI_TABLE_UPGRADE,12
ACPI_DEBUG,6
ACPI_PCI_SLOT,12
ACPI_CONTAINER,12
ACPI_HOTPLUG_MEMORY,12
ACPI_HOTPLUG_IOAPIC,12
ACPI_SBS,12
ACPI_HED,12
ACPI_BGRT,12
ACPI_NHLT,6
ACPI_NFIT,12
ACPI_NUMA,12
ACPI_HMAT,12
HAVE_ACPI_APEI,12
HAVE_ACPI_APEI_NMI,12
ACPI_APEI,12
ACPI_APEI_GHES,12
ACPI_APEI_PCIEAER,12
ACPI_APEI_MEMORY_FAILURE,12
ACPI_APEI_EINJ,10
ACPI_APEI_EINJ_CXL,6
ACPI_APEI_ERST_DEBUG,4
ACPI_DPTF,6
DPTF_POWER,6
DPTF_PCH_FIVR,6
ACPI_WATCHDOG,12
ACPI_EXTLOG,12
ACPI_ADXL,12
ACPI_CONFIGFS,4
ACPI_PFRUT,6
ACPI_PCC,10
ACPI_FFH,6
ACPI_MRRM,6
PMIC_OPREGION,12
BYTCRC_PMIC_OPREGION,12
CHTCRC_PMIC_OPREGION,12
XPOWER_PMIC_OPREGION,12
BXT_WC_PMIC_OPREGION,12
CHT_WC_PMIC_OPREGION,12
CHT_DC_TI_PMIC_OPREGION,12
TPS68470_PMIC_OPREGION,4
ACPI_VIOT,6
ACPI_PRMT,10
X86_PM_TIMER,12
CPU_FREQ,12
CPU_FREQ_GOV_ATTR_SET,12
CPU_FREQ_GOV_COMMON,12
CPU_FREQ_STAT,12
CPU_FREQ_DEFAULT_GOV_SCHEDUTIL,12
CPU_FREQ_GOV_PERFORMANCE,12
CPU_FREQ_GOV_POWERSAVE,12
CPU_FREQ_GOV_USERSPACE,12
CPU_FREQ_GOV_ONDEMAND,12
CPU_FREQ_GOV_CONSERVATIVE,12
CPU_FREQ_GOV_SCHEDUTIL,12
X86_INTEL_PSTATE,12
X86_PCC_CPUFREQ,12
X86_AMD_PSTATE,10
X86_AMD_PSTATE_DEFAULT_MODE,6
X86_AMD_PSTATE_UT,6
X86_ACPI_CPUFREQ,12
X86_ACPI_CPUFREQ_CPB,12
X86_POWERNOW_K8,12
X86_AMD_FREQ_SENSITIVITY,12
X86_P4_CLOCKMOD,12
X86_SPEEDSTEP_LIB,12
CPUFREQ_ARCH_CUR_FREQ,6
CPU_IDLE,12
CPU_IDLE_GOV_LADDER,10
CPU_IDLE_GOV_MENU,12
CPU_IDLE_GOV_TEO,4
CPU_IDLE_GOV_HALTPOLL,6
HALTPOLL_CPUIDLE,12
INTEL_IDLE,12
PCI_DIRECT,12
PCI_MMCONFIG,12
PCI_XEN,12
MMCONF_FAM10H,12
ISA_DMA_API,12
AMD_NB,12
AMD_NODE,6
IA32_EMULATION,12
X86_X32_ABI,8
COMPAT_32,12
COMPAT,12
COMPAT_FOR_U64_ALIGNMENT,12
KVM_COMMON,6
HAVE_KVM_PFNCACHE,10
HAVE_KVM_IRQCHIP,12
HAVE_KVM_IRQ_ROUTING,12
HAVE_KVM_DIRTY_RING,10
HAVE_KVM_DIRTY_RING_TSO,10
HAVE_KVM_DIRTY_RING_ACQ_REL,10
KVM_MMIO,12
KVM_ASYNC_PF,12
HAVE_KVM_MSI,12
HAVE_KVM_READONLY_MEM,6
HAVE_KVM_CPU_RELAX_INTERCEPT,12
KVM_VFIO,12
KVM_GENERIC_DIRTYLOG_READ_PROTECT,12
KVM_GENERIC_PRE_FAULT_MEMORY,6
KVM_COMPAT,12
HAVE_KVM_IRQ_BYPASS,12
HAVE_KVM_NO_POLL,12
VIRT_XFER_TO_GUEST_WORK,6
HAVE_KVM_PM_NOTIFIER,10
KVM_GENERIC_HARDWARE_ENABLING,6
KVM_GENERIC_MMU_NOTIFIER,6
KVM_ELIDE_TLB_FLUSH_IF_YOUNG,6
KVM_MMU_LOCKLESS_AGING,6
KVM_GENERIC_MEMORY_ATTRIBUTES,6
KVM_GUEST_MEMFD,6
HAVE_KVM_ARCH_GMEM_PREPARE,6
HAVE_KVM_ARCH_GMEM_INVALIDATE,6
HAVE_KVM_ARCH_GMEM_POPULATE,6
VIRTUALIZATION,12
KVM_X86,6
KVM,12
KVM_INTEL,12
X86_SGX_KVM,10
KVM_INTEL_TDX,6
KVM_AMD,12
KVM_AMD_SEV,12
KVM_IOAPIC,6
KVM_SMM,6
KVM_HYPERV,6
KVM_XEN,6
KVM_EXTERNAL_WRITE_TRACKING,10
KVM_MAX_NR_VCPUS,6
X86_REQUIRED_FEATURE_ALWAYS,6
X86_REQUIRED_FEATURE_NOPL,6
X86_REQUIRED_FEATURE_CX8,6
X86_REQUIRED_FEATURE_CMOV,6
X86_REQUIRED_FEATURE_CPUID,6
X86_REQUIRED_FEATURE_FPU,6
X86_REQUIRED_FEATURE_PAE,6
X86_REQUIRED_FEATURE_MSR,6
X86_REQUIRED_FEATURE_FXSR,6
X86_REQUIRED_FEATURE_XMM,6
X86_REQUIRED_FEATURE_XMM2,6
X86_REQUIRED_FEATURE_LM,6
X86_DISABLED_FEATURE_VME,6
X86_DISABLED_FEATURE_K6_MTRR,6
X86_DISABLED_FEATURE_CYRIX_ARR,6
X86_DISABLED_FEATURE_CENTAUR_MCR,6
X86_DISABLED_FEATURE_LAM,6
AS_WRUSS,6
ARCH_CONFIGURES_CPU_MITIGATIONS,12
ARCH_HAS_DMA_OPS,6
HOTPLUG_SMT,12
ARCH_SUPPORTS_SCHED_SMT,6
ARCH_SUPPORTS_SCHED_CLUSTER,6
ARCH_SUPPORTS_SCHED_MC,6
SCHED_SMT,12
SCHED_CLUSTER,10
SCHED_MC,12
HOTPLUG_CORE_SYNC,6
HOTPLUG_CORE_SYNC_DEAD,6
HOTPLUG_CORE_SYNC_FULL,6
HOTPLUG_SPLIT_STARTUP,6
HOTPLUG_PARALLEL,6
GENERIC_IRQ_ENTRY,6
GENERIC_SYSCALL,6
GENERIC_ENTRY,12
KPROBES,12
JUMP_LABEL,12
OPTPROBES,12
KPROBES_ON_FTRACE,12
UPROBES,12
HAVE_EFFICIENT_UNALIGNED_ACCESS,12
ARCH_USE_BUILTIN_BSWAP,12
KRETPROBES,12
KRETPROBE_ON_RETHOOK,10
USER_RETURN_NOTIFIER,12
HAVE_IOREMAP_PROT,12
HAVE_KPROBES,12
HAVE_KRETPROBES,12
HAVE_OPTPROBES,12
HAVE_KPROBES_ON_FTRACE,12
ARCH_CORRECT_STACKTRACE_ON_KRETPROBE,10
HAVE_FUNCTION_ERROR_INJECTION,12
HAVE_NMI,12
TRACE_IRQFLAGS_SUPPORT,12
TRACE_IRQFLAGS_NMI_SUPPORT,12
HAVE_ARCH_TRACEHOOK,12
HAVE_DMA_CONTIGUOUS,12
GENERIC_SMP_IDLE_THREAD,12
ARCH_HAS_FORTIFY_SOURCE,12
ARCH_HAS_SET_MEMORY,12
ARCH_HAS_SET_DIRECT_MAP,12
ARCH_HAS_CPU_FINALIZE_INIT,12
ARCH_HAS_CPU_PASID,6
HAVE_ARCH_THREAD_STRUCT_WHITELIST,12
ARCH_WANTS_DYNAMIC_TASK_STRUCT,12
ARCH_WANTS_NO_INSTR,10
HAVE_ASM_MODVERSIONS,12
HAVE_REGS_AND_STACK_ACCESS_API,12
HAVE_RSEQ,12
HAVE_RUST,10
HAVE_FUNCTION_ARG_ACCESS_API,12
HAVE_HW_BREAKPOINT,12
HAVE_MIXED_BREAKPOINTS_REGS,12
HAVE_USER_RETURN_NOTIFIER,12
HAVE_PERF_EVENTS_NMI,12
HAVE_HARDLOCKUP_DETECTOR_PERF,12
HAVE_PERF_REGS,12
HAVE_PERF_USER_STACK_DUMP,12
HAVE_ARCH_JUMP_LABEL,12
HAVE_ARCH_JUMP_LABEL_RELATIVE,12
MMU_GATHER_TABLE_FREE,12
MMU_GATHER_RCU_TABLE_FREE,12
MMU_GATHER_MERGE_VMAS,10
ARCH_WANT_IRQS_OFF_ACTIVATE_MM,6
MMU_LAZY_TLB_REFCOUNT,6
ARCH_HAVE_NMI_SAFE_CMPXCHG,12
ARCH_HAVE_EXTRA_ELF_NOTES,6
ARCH_HAS_NMI_SAFE_THIS_CPU_OPS,6
HAVE_ALIGNED_STRUCT_PAGE,12
HAVE_CMPXCHG_LOCAL,12
HAVE_CMPXCHG_DOUBLE,12
ARCH_WANT_COMPAT_IPC_PARSE_VERSION,12
ARCH_WANT_OLD_COMPAT_IPC,12
HAVE_ARCH_SECCOMP,12
HAVE_ARCH_SECCOMP_FILTER,12
SECCOMP,12
SECCOMP_FILTER,12
HAVE_ARCH_KSTACK_ERASE,6
HAVE_STACKPROTECTOR,12
STACKPROTECTOR,12
STACKPROTECTOR_STRONG,12
ARCH_SUPPORTS_LTO_CLANG,10
ARCH_SUPPORTS_LTO_CLANG_THIN,10
LTO_NONE,10
ARCH_SUPPORTS_AUTOFDO_CLANG,6
ARCH_SUPPORTS_PROPELLER_CLANG,6
ARCH_SUPPORTS_CFI,6
HAVE_ARCH_WITHIN_STACK_FRAMES,12
HAVE_CONTEXT_TRACKING_USER,10
HAVE_CONTEXT_TRACKING_USER_OFFSTACK,10
HAVE_VIRT_CPU_ACCOUNTING_GEN,12
HAVE_IRQ_TIME_ACCOUNTING,12
HAVE_MOVE_PUD,10
HAVE_MOVE_PMD,12
HAVE_ARCH_TRANSPARENT_HUGEPAGE,12
HAVE_ARCH_TRANSPARENT_HUGEPAGE_PUD,12
HAVE_ARCH_HUGE_VMAP,12
HAVE_ARCH_HUGE_VMALLOC,10
ARCH_WANT_HUGE_PMD_SHARE,12
ARCH_WANT_PMD_MKWRITE,6
HAVE_ARCH_SOFT_DIRTY,12
HAVE_MOD_ARCH_SPECIFIC,12
MODULES_USE_ELF_RELA,12
ARCH_HAS_EXECMEM_ROX,6
HAVE_IRQ_EXIT_ON_IRQ_STACK,10
HAVE_SOFTIRQ_ON_OWN_STACK,10
SOFTIRQ_ON_OWN_STACK,10
ARCH_HAS_ELF_RANDOMIZE,12
HAVE_ARCH_MMAP_RND_BITS,12
HAVE_EXIT_THREAD,12
ARCH_MMAP_RND_BITS,12
HAVE_ARCH_MMAP_RND_COMPAT_BITS,12
ARCH_MMAP_RND_COMPAT_BITS,12
HAVE_ARCH_COMPAT_MMAP_BASES,12
HAVE_PAGE_SIZE_4KB,6
PAGE_SIZE_4KB,6
PAGE_SIZE_LESS_THAN_64KB,10
PAGE_SIZE_LESS_THAN_256KB,10
PAGE_SHIFT,6
HAVE_OBJTOOL,10
HAVE_JUMP_LABEL_HACK,10
HAVE_NOINSTR_HACK,10
HAVE_NOINSTR_VALIDATION,10
HAVE_UACCESS_VALIDATION,10
HAVE_STACK_VALIDATION,12
HAVE_RELIABLE_STACKTRACE,12
ISA_BUS_API,6
OLD_SIGSUSPEND3,12
COMPAT_OLD_SIGACTION,12
COMPAT_32BIT_TIME,12
ARCH_SUPPORTS_RT,6
HAVE_ARCH_VMAP_STACK,12
VMAP_STACK,12
HAVE_ARCH_RANDOMIZE_KSTACK_OFFSET,10
RANDOMIZE_KSTACK_OFFSET,10
RANDOMIZE_KSTACK_OFFSET_DEFAULT,10
ARCH_HAS_STRICT_KERNEL_RWX,12
STRICT_KERNEL_RWX,12
ARCH_HAS_STRICT_MODULE_RWX,12
STRICT_MODULE_RWX,12
ARCH_HAS_CPU_RESCTRL,6
HAVE_ARCH_PREL32_RELOCATIONS,12
ARCH_USE_MEMREMAP_PROT,12
LOCK_EVENT_COUNTS,4
ARCH_HAS_MEM_ENCRYPT,12
ARCH_HAS_CC_PLATFORM,12
HAVE_STATIC_CALL,12
HAVE_STATIC_CALL_INLINE,12
HAVE_PREEMPT_DYNAMIC,10
HAVE_PREEMPT_DYNAMIC_CALL,10
ARCH_WANT_LD_ORPHAN_WARN,12
ARCH_SUPPORTS_DEBUG_PAGEALLOC,12
ARCH_SUPPORTS_PAGE_TABLE_CHECK,10
ARCH_HAS_ELFCORE_COMPAT,10
ARCH_HAS_PARANOID_L1D_FLUSH,10
DYNAMIC_SIGFRAME,10
HAVE_ARCH_NODE_DEV_GROUP,10
ARCH_HAS_HW_PTE_YOUNG,6
ARCH_HAS_NONLEAF_PMD_YOUNG,10
ARCH_HAS_KERNEL_FPU_SUPPORT,6
ARCH_VMLINUX_NEEDS_RELOCS,6
HAVE_GENERIC_TIF_BITS,6
ARCH_HAS_GCOV_PROFILE_ALL,12
HAVE_GCC_PLUGINS,12
FUNCTION_ALIGNMENT_4B,6
FUNCTION_ALIGNMENT_16B,6
FUNCTION_ALIGNMENT,6
CC_HAS_MIN_FUNCTION_ALIGNMENT,6
CC_HAS_SANE_FUNCTION_ALIGNMENT,6
ARCH_HAS_CPU_ATTACK_VECTORS,6
RT_MUTEXES,12
MODULE_SIG_FORMAT,12
MODULES,12
MODULE_DEBUGFS,6
MODULE_FORCE_LOAD,10
MODULE_UNLOAD,12
MODULE_FORCE_UNLOAD,10
MODULE_UNLOAD_TAINT_TRACKING,6
MODULE_SRCVERSION_ALL,4
MODULE_SIG,12
MODULE_SIG_ALL,6
MODULE_SIG_SHA512,6
MODULE_SIG_HASH,12
MODULE_COMPRESS,6
MODULE_COMPRESS_ZSTD,4
MODULE_COMPRESS_ALL,4
MODULE_DECOMPRESS,6
MODULE_ALLOW_MISSING_NAMESPACE_IMPORTS,4
MODPROBE_PATH,10
MODULES_TREE_LOOKUP,12
BLOCK,12
BLOCK_LEGACY_AUTOLOAD,10
BLK_RQ_ALLOC_TIME,12
BLK_CGROUP_RWSTAT,12
BLK_CGROUP_PUNT_BIO,6
BLK_DEV_BSG_COMMON,10
BLK_ICQ,10
BLK_DEV_BSGLIB,12
BLK_DEV_INTEGRITY,12
BLK_DEV_WRITE_MOUNTED,6
BLK_DEV_ZONED,12
BLK_DEV_THROTTLING,12
BLK_WBT,12
BLK_WBT_MQ,12
BLK_CGROUP_IOLATENCY,6
BLK_CGROUP_FC_APPID,6
BLK_CGROUP_IOCOST,12
BLK_CGROUP_IOPRIO,6
BLK_DEBUG_FS,12
BLK_SED_OPAL,12
BLK_INLINE_ENCRYPTION,6
BLK_INLINE_ENCRYPTION_FALLBACK,4
PARTITION_ADVANCED,12
AIX_PARTITION,6
MAC_PARTITION,12
MSDOS_PARTITION,12
BSD_DISKLABEL,12
MINIX_SUBPARTITION,12
SOLARIS_X86_PARTITION,12
LDM_PARTITION,12
KARMA_PARTITION,10
EFI_PARTITION,12
BLK_PM,12
BLOCK_HOLDER_DEPRECATED,10
BLK_MQ_STACKING,10
MQ_IOSCHED_DEADLINE,12
MQ_IOSCHED_KYBER,12
IOSCHED_BFQ,12
BFQ_GROUP_IOSCHED,12
PREEMPT_NOTIFIERS,12
PADATA,12
ASN1,12
UNINLINE_SPIN_UNLOCK,10
ARCH_SUPPORTS_ATOMIC_RMW,12
MUTEX_SPIN_ON_OWNER,12
RWSEM_SPIN_ON_OWNER,12
LOCK_SPIN_ON_OWNER,12
ARCH_USE_QUEUED_SPINLOCKS,12
QUEUED_SPINLOCKS,12
ARCH_USE_QUEUED_RWLOCKS,12
QUEUED_RWLOCKS,12
ARCH_HAS_NON_OVERLAPPING_ADDRESS_SPACE,12
ARCH_HAS_SYNC_CORE_BEFORE_USERMODE,12
ARCH_HAS_SYSCALL_WRAPPER,12
FREEZER,12
BINFMT_ELF,12
COMPAT_BINFMT_ELF,12
ELFCORE,12
CORE_DUMP_DEFAULT_ELF_HEADERS,12
BINFMT_SCRIPT,12
BINFMT_MISC,12
COREDUMP,12
SWAP,12
ZSWAP,12
ZSWAP_DEFAULT_ON,4
ZSWAP_SHRINKER_DEFAULT_ON,6
ZSWAP_COMPRESSOR_DEFAULT_ZSTD,4
ZSWAP_COMPRESSOR_DEFAULT,12
ZSMALLOC,12
ZSMALLOC_STAT,4
ZSMALLOC_CHAIN_SIZE,6
SLUB,12
KVFREE_RCU_BATCHED,6
SLAB_MERGE_DEFAULT,10
SLAB_FREELIST_RANDOM,12
SLAB_FREELIST_HARDENED,12
SLAB_BUCKETS,6
SLUB_CPU_PARTIAL,12
SHUFFLE_PAGE_ALLOCATOR,12
SPARSEMEM,12
SPARSEMEM_EXTREME,12
SPARSEMEM_VMEMMAP_ENABLE,12
SPARSEMEM_VMEMMAP,12
SPARSEMEM_VMEMMAP_PREINIT,6
ARCH_WANT_OPTIMIZE_DAX_VMEMMAP,6
ARCH_WANT_OPTIMIZE_HUGETLB_VMEMMAP,6
ARCH_WANT_HUGETLB_VMEMMAP_PREINIT,6
HAVE_GUP_FAST,6
MEMBLOCK_KHO_SCRATCH,6
ARCH_KEEP_MEMBLOCK,6
NUMA_KEEP_MEMINFO,12
MEMORY_ISOLATION,12
EXCLUSIVE_SYSTEM_RAM,10
HAVE_BOOTMEM_INFO_NODE,12
ARCH_ENABLE_MEMORY_HOTPLUG,12
ARCH_ENABLE_MEMORY_HOTREMOVE,12
MEMORY_HOTPLUG,12
MHP_DEFAULT_ONLINE_TYPE_ONLINE_AUTO,6
MEMORY_HOTREMOVE,12
MHP_MEMMAP_ON_MEMORY,10
ARCH_MHP_MEMMAP_ON_MEMORY_ENABLE,10
SPLIT_PTE_PTLOCKS,6
ARCH_ENABLE_SPLIT_PMD_PTLOCK,12
SPLIT_PMD_PTLOCKS,6
MEMORY_BALLOON,12
BALLOON_COMPACTION,12
COMPACTION,12
COMPACT_UNEVICTABLE_DEFAULT,10
PAGE_REPORTING,12
MIGRATION,12
DEVICE_MIGRATION,10
ARCH_ENABLE_HUGEPAGE_MIGRATION,12
ARCH_ENABLE_THP_MIGRATION,12
CONTIG_ALLOC,12
PCP_BATCH_SCALE_MAX,10
PHYS_ADDR_T_64BIT,12
MMU_NOTIFIER,12
KSM,12
DEFAULT_MMAP_MIN_ADDR,12
ARCH_SUPPORTS_MEMORY_FAILURE,12
MEMORY_FAILURE,12
HWPOISON_INJECT,12
ARCH_WANT_GENERAL_HUGETLB,12
ARCH_WANTS_THP_SWAP,12
PERSISTENT_HUGE_ZERO_FOLIO,4
MM_ID,6
TRANSPARENT_HUGEPAGE,12
TRANSPARENT_HUGEPAGE_ALWAYS,10
THP_SWAP,12
READ_ONLY_THP_FOR_FS,6
PAGE_MAPCOUNT,6
PGTABLE_HAS_HUGE_LEAVES,6
HAVE_GIGANTIC_FOLIOS,6
ARCH_SUPPORTS_HUGE_PFNMAP,6
ARCH_SUPPORTS_PMD_PFNMAP,6
ARCH_SUPPORTS_PUD_PFNMAP,6
NEED_PER_CPU_EMBED_FIRST_CHUNK,12
NEED_PER_CPU_PAGE_FIRST_CHUNK,12
USE_PERCPU_NUMA_NODE_ID,12
HAVE_SETUP_PER_CPU_AREA,12
CMA,6
CMA_DEBUGFS,4
CMA_SYSFS,6
CMA_AREAS,6
PAGE_BLOCK_MAX_ORDER,6
MEM_SOFT_DIRTY,12
GENERIC_EARLY_IOREMAP,12
PAGE_IDLE_FLAG,6
IDLE_PAGE_TRACKING,6
ARCH_HAS_CACHE_LINE_SIZE,12
ARCH_HAS_CURRENT_STACK_POINTER,10
ZONE_DMA,12
ZONE_DMA32,12
ZONE_DEVICE,12
HMM_MIRROR,12
GET_FREE_REGION,10
DEVICE_PRIVATE,6
VMAP_PFN,12
ARCH_USES_HIGH_VMA_FLAGS,12
ARCH_HAS_PKEYS,12
ARCH_USES_PG_ARCH_2,6
VM_EVENT_COUNTERS,12
ARCH_HAS_PTE_SPECIAL,12
MAPPING_DIRTY_HELPERS,12
MEMFD_CREATE,12
SECRETMEM,10
ANON_VMA_NAME,4
HAVE_ARCH_USERFAULTFD_WP,12
HAVE_ARCH_USERFAULTFD_MINOR,10
USERFAULTFD,12
PTE_MARKER_UFFD_WP,10
LRU_GEN,10
LRU_GEN_ENABLED,6
LRU_GEN_WALKS_MMU,6
ARCH_SUPPORTS_PER_VMA_LOCK,6
PER_VMA_LOCK,6
LOCK_MM_AND_FIND_VMA,10
IOMMU_MM_DATA,6
EXECMEM,6
NUMA_MEMBLKS,6
ARCH_HAS_USER_SHADOW_STACK,6
ARCH_SUPPORTS_PT_RECLAIM,6
PT_RECLAIM,6
FIND_NORMAL_PAGE,6
DAMON,6
DAMON_VADDR,6
DAMON_PADDR,6
DAMON_SYSFS,6
DAMON_RECLAIM,6
DAMON_LRU_SORT,4
DAMON_STAT,6
NET,12
COMPAT_NETLINK_MESSAGES,10
NET_INGRESS,12
NET_EGRESS,12
NET_XGRESS,6
NET_REDIRECT,12
SKB_DECRYPTED,6
SKB_EXTENSIONS,12
NET_DEVMEM,6
NET_SHAPER,6
NET_CRC32C,6
PACKET,12
PACKET_DIAG,12
INET_PSP,6
UNIX,12
AF_UNIX_OOB,10
UNIX_DIAG,12
TLS,10
TLS_DEVICE,10
XFRM,12
XFRM_OFFLOAD,12
XFRM_ALGO,12
XFRM_USER,12
XFRM_INTERFACE,12
XFRM_SUB_POLICY,12
XFRM_MIGRATE,12
XFRM_STATISTICS,12
XFRM_AH,12
XFRM_ESP,12
XFRM_IPCOMP,12
NET_KEY,12
NET_KEY_MIGRATE,12
XFRM_IPTFS,6
XFRM_ESPINTCP,6
SMC,10
SMC_DIAG,10
DIBS,4
DIBS_LO,4
XDP_SOCKETS,12
XDP_SOCKETS_DIAG,6
NET_HANDSHAKE,6
INET,12
IP_MULTICAST,12
IP_ADVANCED_ROUTER,12
IP_FIB_TRIE_STATS,12
IP_MULTIPLE_TABLES,12
IP_ROUTE_MULTIPATH,12
IP_ROUTE_VERBOSE,12
IP_ROUTE_CLASSID,12
NET_IPIP,12
NET_IPGRE_DEMUX,12
NET_IP_TUNNEL,12
NET_IPGRE,12
NET_IPGRE_BROADCAST,12
IP_MROUTE_COMMON,12
IP_MROUTE,12
IP_MROUTE_MULTIPLE_TABLES,12
IP_PIMSM_V1,12
IP_PIMSM_V2,12
SYN_COOKIES,12
NET_IPVTI,12
NET_UDP_TUNNEL,12
NET_FOU,12
NET_FOU_IP_TUNNELS,12
INET_AH,12
INET_ESP,12
INET_ESP_OFFLOAD,12
INET_ESPINTCP,6
INET_IPCOMP,12
INET_TABLE_PERTURB_ORDER,12
INET_XFRM_TUNNEL,12
INET_TUNNEL,12
INET_DIAG,12
INET_TCP_DIAG,12
INET_UDP_DIAG,12
INET_RAW_DIAG,12
INET_DIAG_DESTROY,12
TCP_CONG_ADVANCED,12
TCP_CONG_BIC,12
TCP_CONG_CUBIC,12
TCP_CONG_WESTWOOD,12
TCP_CONG_HTCP,12
TCP_CONG_HSTCP,12
TCP_CONG_HYBLA,12
TCP_CONG_VEGAS,12
TCP_CONG_NV,12
TCP_CONG_SCALABLE,12
TCP_CONG_LP,12
TCP_CONG_VENO,12
TCP_CONG_YEAH,12
TCP_CONG_ILLINOIS,12
TCP_CONG_DCTCP,12
TCP_CONG_CDG,12
TCP_CONG_BBR,12
DEFAULT_CUBIC,12
DEFAULT_TCP_CONG,12
TCP_SIGPOOL,6
TCP_AO,6
TCP_MD5SIG,12
IPV6,12
IPV6_ROUTER_PREF,12
IPV6_ROUTE_INFO,12
IPV6_OPTIMISTIC_DAD,12
INET6_AH,12
INET6_ESP,12
INET6_ESP_OFFLOAD,12
INET6_ESPINTCP,6
INET6_IPCOMP,12
IPV6_MIP6,12
IPV6_ILA,12
INET6_XFRM_TUNNEL,12
INET6_TUNNEL,12
IPV6_VTI,12
IPV6_SIT,12
IPV6_SIT_6RD,12
IPV6_NDISC_NODETYPE,12
IPV6_TUNNEL,12
IPV6_GRE,12
IPV6_FOU,12
IPV6_FOU_TUNNEL,12
IPV6_MULTIPLE_TABLES,12
IPV6_SUBTREES,12
IPV6_MROUTE,12
IPV6_MROUTE_MULTIPLE_TABLES,12
IPV6_PIMSM_V2,12
IPV6_SEG6_LWTUNNEL,12
IPV6_SEG6_HMAC,12
IPV6_SEG6_BPF,12
IPV6_RPL_LWTUNNEL,6
IPV6_IOAM6_LWTUNNEL,6
NETLABEL,12
MPTCP,10
INET_MPTCP_DIAG,10
MPTCP_IPV6,10
NETWORK_SECMARK,12
NET_PTP_CLASSIFY,12
NETWORK_PHY_TIMESTAMPING,10
NETFILTER,12
NETFILTER_ADVANCED,12
BRIDGE_NETFILTER,12
NETFILTER_INGRESS,12
NETFILTER_EGRESS,10
NETFILTER_SKIP_EGRESS,10
NETFILTER_NETLINK,12
NETFILTER_FAMILY_BRIDGE,12
NETFILTER_FAMILY_ARP,12
NETFILTER_BPF_LINK,6
NETFILTER_NETLINK_HOOK,6
NETFILTER_NETLINK_ACCT,12
NETFILTER_NETLINK_QUEUE,12
NETFILTER_NETLINK_LOG,12
NETFILTER_NETLINK_OSF,12
NF_CONNTRACK,12
NF_LOG_SYSLOG,10
NETFILTER_CONNCOUNT,12
NF_CONNTRACK_MARK,12
NF_CONNTRACK_SECMARK,12
NF_CONNTRACK_ZONES,12
NF_CONNTRACK_PROCFS,12
NF_CONNTRACK_EVENTS,12
NF_CONNTRACK_TIMEOUT,12
NF_CONNTRACK_TIMESTAMP,12
NF_CONNTRACK_LABELS,12
NF_CONNTRACK_OVS,6
NF_CT_PROTO_GRE,12
NF_CT_PROTO_SCTP,12
NF_CT_PROTO_UDPLITE,12
NF_CONNTRACK_AMANDA,12
NF_CONNTRACK_FTP,12
NF_CONNTRACK_H323,12
NF_CONNTRACK_IRC,12
NF_CONNTRACK_BROADCAST,12
NF_CONNTRACK_NETBIOS_NS,12
NF_CONNTRACK_SNMP,12
NF_CONNTRACK_PPTP,12
NF_CONNTRACK_SANE,12
NF_CONNTRACK_SIP,12
NF_CONNTRACK_TFTP,12
NF_CT_NETLINK,12
NF_CT_NETLINK_TIMEOUT,12
NF_CT_NETLINK_HELPER,12
NETFILTER_NETLINK_GLUE_CT,12
NF_NAT,12
NF_NAT_AMANDA,12
NF_NAT_FTP,12
NF_NAT_IRC,12
NF_NAT_SIP,12
NF_NAT_TFTP,12
NF_NAT_REDIRECT,12
NF_NAT_MASQUERADE,12
NF_NAT_OVS,6
NETFILTER_SYNPROXY,12
NF_TABLES,12
NF_TABLES_INET,12
NF_TABLES_NETDEV,12
NFT_NUMGEN,12
NFT_CT,12
NFT_FLOW_OFFLOAD,12
NFT_CONNLIMIT,12
NFT_LOG,12
NFT_LIMIT,12
NFT_MASQ,12
NFT_REDIR,12
NFT_NAT,12
NFT_TUNNEL,12
NFT_QUEUE,12
NFT_QUOTA,12
NFT_REJECT,12
NFT_REJECT_INET,12
NFT_COMPAT,12
NFT_HASH,12
NFT_FIB,12
NFT_FIB_INET,12
NFT_XFRM,12
NFT_SOCKET,12
NFT_OSF,12
NFT_TPROXY,12
NFT_SYNPROXY,12
NF_DUP_NETDEV,12
NFT_DUP_NETDEV,12
NFT_FWD_NETDEV,12
NFT_FIB_NETDEV,12
NFT_REJECT_NETDEV,6
NF_FLOW_TABLE_INET,12
NF_FLOW_TABLE,12
NF_FLOW_TABLE_PROCFS,6
NETFILTER_XTABLES,12
NETFILTER_XTABLES_COMPAT,8
NETFILTER_XTABLES_LEGACY,6
NETFILTER_XT_MARK,12
NETFILTER_XT_CONNMARK,12
NETFILTER_XT_SET,12
NETFILTER_XT_TARGET_AUDIT,12
NETFILTER_XT_TARGET_CHECKSUM,12
NETFILTER_XT_TARGET_CLASSIFY,12
NETFILTER_XT_TARGET_CONNMARK,12
NETFILTER_XT_TARGET_CONNSECMARK,12
NETFILTER_XT_TARGET_CT,12
NETFILTER_XT_TARGET_DSCP,12
NETFILTER_XT_TARGET_HL,12
NETFILTER_XT_TARGET_HMARK,12
NETFILTER_XT_TARGET_IDLETIMER,12
NETFILTER_XT_TARGET_LED,12
NETFILTER_XT_TARGET_LOG,12
NETFILTER_XT_TARGET_MARK,12
NETFILTER_XT_NAT,12
NETFILTER_XT_TARGET_NETMAP,12
NETFILTER_XT_TARGET_NFLOG,12
NETFILTER_XT_TARGET_NFQUEUE,12
NETFILTER_XT_TARGET_NOTRACK,6
NETFILTER_XT_TARGET_RATEEST,12
NETFILTER_XT_TARGET_REDIRECT,12
NETFILTER_XT_TARGET_MASQUERADE,12
NETFILTER_XT_TARGET_TEE,12
NETFILTER_XT_TARGET_TPROXY,12
NETFILTER_XT_TARGET_TRACE,12
NETFILTER_XT_TARGET_SECMARK,12
NETFILTER_XT_TARGET_TCPMSS,12
NETFILTER_XT_TARGET_TCPOPTSTRIP,12
NETFILTER_XT_MATCH_ADDRTYPE,12
NETFILTER_XT_MATCH_BPF,12
NETFILTER_XT_MATCH_CGROUP,12
NETFILTER_XT_MATCH_CLUSTER,12
NETFILTER_XT_MATCH_COMMENT,12
NETFILTER_XT_MATCH_CONNBYTES,12
NETFILTER_XT_MATCH_CONNLABEL,12
NETFILTER_XT_MATCH_CONNLIMIT,12
NETFILTER_XT_MATCH_CONNMARK,12
NETFILTER_XT_MATCH_CONNTRACK,12
NETFILTER_XT_MATCH_CPU,12
NETFILTER_XT_MATCH_DCCP,12
NETFILTER_XT_MATCH_DEVGROUP,12
NETFILTER_XT_MATCH_DSCP,12
NETFILTER_XT_MATCH_ECN,12
NETFILTER_XT_MATCH_ESP,12
NETFILTER_XT_MATCH_HASHLIMIT,12
NETFILTER_XT_MATCH_HELPER,12
NETFILTER_XT_MATCH_HL,12
NETFILTER_XT_MATCH_IPCOMP,12
NETFILTER_XT_MATCH_IPRANGE,12
NETFILTER_XT_MATCH_IPVS,12
NETFILTER_XT_MATCH_L2TP,12
NETFILTER_XT_MATCH_LENGTH,12
NETFILTER_XT_MATCH_LIMIT,12
NETFILTER_XT_MATCH_MAC,12
NETFILTER_XT_MATCH_MARK,12
NETFILTER_XT_MATCH_MULTIPORT,12
NETFILTER_XT_MATCH_NFACCT,12
NETFILTER_XT_MATCH_OSF,12
NETFILTER_XT_MATCH_OWNER,12
NETFILTER_XT_MATCH_POLICY,12
NETFILTER_XT_MATCH_PHYSDEV,12
NETFILTER_XT_MATCH_PKTTYPE,12
NETFILTER_XT_MATCH_QUOTA,12
NETFILTER_XT_MATCH_RATEEST,12
NETFILTER_XT_MATCH_REALM,12
NETFILTER_XT_MATCH_RECENT,12
NETFILTER_XT_MATCH_SCTP,12
NETFILTER_XT_MATCH_SOCKET,12
NETFILTER_XT_MATCH_STATE,12
NETFILTER_XT_MATCH_STATISTIC,12
NETFILTER_XT_MATCH_STRING,12
NETFILTER_XT_MATCH_TCPMSS,12
NETFILTER_XT_MATCH_TIME,12
NETFILTER_XT_MATCH_U32,12
IP_SET,12
IP_SET_MAX,12
IP_SET_BITMAP_IP,12
IP_SET_BITMAP_IPMAC,12
IP_SET_BITMAP_PORT,12
IP_SET_HASH_IP,12
IP_SET_HASH_IPMARK,12
IP_SET_HASH_IPPORT,12
IP_SET_HASH_IPPORTIP,12
IP_SET_HASH_IPPORTNET,12
IP_SET_HASH_IPMAC,12
IP_SET_HASH_MAC,12
IP_SET_HASH_NETPORTNET,12
IP_SET_HASH_NET,12
IP_SET_HASH_NETNET,12
IP_SET_HASH_NETPORT,12
IP_SET_HASH_NETIFACE,12
IP_SET_LIST_SET,12
IP_VS,12
IP_VS_IPV6,12
IP_VS_TAB_BITS,12
IP_VS_PROTO_TCP,12
IP_VS_PROTO_UDP,12
IP_VS_PROTO_AH_ESP,12
IP_VS_PROTO_ESP,12
IP_VS_PROTO_AH,12
IP_VS_PROTO_SCTP,12
IP_VS_RR,12
IP_VS_WRR,12
IP_VS_LC,12
IP_VS_WLC,12
IP_VS_FO,12
IP_VS_OVF,12
IP_VS_LBLC,12
IP_VS_LBLCR,12
IP_VS_DH,12
IP_VS_SH,12
IP_VS_MH,12
IP_VS_SED,12
IP_VS_NQ,12
IP_VS_TWOS,6
IP_VS_SH_TAB_BITS,12
IP_VS_MH_TAB_INDEX,12
IP_VS_FTP,12
IP_VS_NFCT,12
IP_VS_PE_SIP,12
NF_DEFRAG_IPV4,12
IP_NF_IPTABLES_LEGACY,6
NF_SOCKET_IPV4,12
NF_TPROXY_IPV4,12
NF_TABLES_IPV4,12
NFT_REJECT_IPV4,12
NFT_DUP_IPV4,12
NFT_FIB_IPV4,12
NF_TABLES_ARP,12
NF_DUP_IPV4,12
NF_LOG_ARP,12
NF_LOG_IPV4,12
NF_REJECT_IPV4,12
NF_NAT_SNMP_BASIC,12
NF_NAT_PPTP,12
NF_NAT_H323,12
IP_NF_IPTABLES,12
IP_NF_MATCH_AH,12
IP_NF_MATCH_ECN,12
IP_NF_MATCH_RPFILTER,12
IP_NF_MATCH_TTL,12
IP_NF_FILTER,12
IP_NF_TARGET_REJECT,12
IP_NF_TARGET_SYNPROXY,12
IP_NF_NAT,12
IP_NF_TARGET_MASQUERADE,12
IP_NF_TARGET_NETMAP,12
IP_NF_TARGET_REDIRECT,12
IP_NF_MANGLE,12
IP_NF_TARGET_ECN,12
IP_NF_TARGET_TTL,12
IP_NF_RAW,12
IP_NF_SECURITY,12
IP_NF_ARPTABLES,12
NFT_COMPAT_ARP,6
IP_NF_ARPFILTER,12
IP_NF_ARP_MANGLE,12
IP6_NF_IPTABLES_LEGACY,6
NF_SOCKET_IPV6,12
NF_TPROXY_IPV6,12
NF_TABLES_IPV6,12
NFT_REJECT_IPV6,12
NFT_DUP_IPV6,12
NFT_FIB_IPV6,12
NF_DUP_IPV6,12
NF_REJECT_IPV6,12
NF_LOG_IPV6,12
IP6_NF_IPTABLES,12
IP6_NF_MATCH_AH,12
IP6_NF_MATCH_EUI64,12
IP6_NF_MATCH_FRAG,12
IP6_NF_MATCH_OPTS,12
IP6_NF_MATCH_HL,12
IP6_NF_MATCH_IPV6HEADER,12
IP6_NF_MATCH_MH,12
IP6_NF_MATCH_RPFILTER,12
IP6_NF_MATCH_RT,12
IP6_NF_MATCH_SRH,12
IP6_NF_TARGET_HL,12
IP6_NF_FILTER,12
IP6_NF_TARGET_REJECT,12
IP6_NF_TARGET_SYNPROXY,12
IP6_NF_MANGLE,12
IP6_NF_RAW,12
IP6_NF_SECURITY,12
IP6_NF_NAT,12
IP6_NF_TARGET_MASQUERADE,12
IP6_NF_TARGET_NPT,12
NF_DEFRAG_IPV6,12
NF_TABLES_BRIDGE,12
NFT_BRIDGE_META,12
NFT_BRIDGE_REJECT,12
NF_CONNTRACK_BRIDGE,12
BRIDGE_NF_EBTABLES_LEGACY,6
BRIDGE_NF_EBTABLES,12
BRIDGE_EBT_BROUTE,12
BRIDGE_EBT_T_FILTER,12
BRIDGE_EBT_T_NAT,12
BRIDGE_EBT_802_3,12
BRIDGE_EBT_AMONG,12
BRIDGE_EBT_ARP,12
BRIDGE_EBT_IP,12
BRIDGE_EBT_IP6,12
BRIDGE_EBT_LIMIT,12
BRIDGE_EBT_MARK,12
BRIDGE_EBT_PKTTYPE,12
BRIDGE_EBT_STP,12
BRIDGE_EBT_VLAN,12
BRIDGE_EBT_ARPREPLY,12
BRIDGE_EBT_DNAT,12
BRIDGE_EBT_MARK_T,12
BRIDGE_EBT_REDIRECT,12
BRIDGE_EBT_SNAT,12
BRIDGE_EBT_LOG,12
BRIDGE_EBT_NFLOG,12
IP_SCTP,12
SCTP_DEFAULT_COOKIE_HMAC_SHA256,6
INET_SCTP_DIAG,12
RDS,12
RDS_RDMA,12
RDS_TCP,12
TIPC,12
TIPC_MEDIA_IB,10
TIPC_MEDIA_UDP,12
TIPC_CRYPTO,12
TIPC_DIAG,12
ATM,12
ATM_CLIP,12
ATM_LANE,12
ATM_MPOA,10
ATM_BR2684,12
L2TP,12
L2TP_DEBUGFS,12
L2TP_V3,12
L2TP_IP,12
L2TP_ETH,12
STP,12
GARP,12
MRP,12
BRIDGE,12
BRIDGE_IGMP_SNOOPING,12
BRIDGE_VLAN_FILTERING,12
BRIDGE_MRP,6
BRIDGE_CFM,6
NET_DSA,6
NET_DSA_TAG_NONE,6
NET_DSA_TAG_AR9331,4
NET_DSA_TAG_BRCM_COMMON,6
NET_DSA_TAG_BRCM,6
NET_DSA_TAG_BRCM_LEGACY,6
NET_DSA_TAG_BRCM_LEGACY_FCS,6
NET_DSA_TAG_BRCM_PREPEND,6
NET_DSA_TAG_HELLCREEK,6
NET_DSA_TAG_GSWIP,6
NET_DSA_TAG_DSA_COMMON,6
NET_DSA_TAG_DSA,6
NET_DSA_TAG_EDSA,6
NET_DSA_TAG_MTK,6
NET_DSA_TAG_KSZ,6
NET_DSA_TAG_OCELOT,6
NET_DSA_TAG_OCELOT_8021Q,6
NET_DSA_TAG_QCA,6
NET_DSA_TAG_RTL4_A,6
NET_DSA_TAG_RTL8_4,6
NET_DSA_TAG_RZN1_A5PSW,4
NET_DSA_TAG_LAN9303,6
NET_DSA_TAG_SJA1105,6
NET_DSA_TAG_TRAILER,6
NET_DSA_TAG_VSC73XX_8021Q,4
NET_DSA_TAG_XRS700X,6
VLAN_8021Q,12
VLAN_8021Q_GVRP,12
VLAN_8021Q_MVRP,12
LLC,12
LLC2,10
ATALK,12
PHONET,10
6LOWPAN,12
6LOWPAN_DEBUGFS,6
6LOWPAN_NHC,12
6LOWPAN_NHC_DEST,12
6LOWPAN_NHC_FRAGMENT,12
6LOWPAN_NHC_HOP,12
6LOWPAN_NHC_IPV6,12
6LOWPAN_NHC_MOBILITY,12
6LOWPAN_NHC_ROUTING,12
6LOWPAN_NHC_UDP,12
6LOWPAN_GHC_EXT_HDR_HOP,12
6LOWPAN_GHC_UDP,12
6LOWPAN_GHC_ICMPV6,12
6LOWPAN_GHC_EXT_HDR_DEST,12
6LOWPAN_GHC_EXT_HDR_FRAG,12
6LOWPAN_GHC_EXT_HDR_ROUTE,12
IEEE802154,12
IEEE802154_NL802154_EXPERIMENTAL,4
IEEE802154_SOCKET,12
IEEE802154_6LOWPAN,12
MAC802154,12
NET_SCHED,12
NET_SCH_HTB,12
NET_SCH_HFSC,12
NET_SCH_PRIO,12
NET_SCH_MULTIQ,12
NET_SCH_RED,12
NET_SCH_SFB,12
NET_SCH_SFQ,12
NET_SCH_TEQL,12
NET_SCH_TBF,12
NET_SCH_CBS,12
NET_SCH_ETF,12
NET_SCH_MQPRIO_LIB,6
NET_SCH_TAPRIO,12
NET_SCH_GRED,12
NET_SCH_NETEM,12
NET_SCH_DRR,12
NET_SCH_MQPRIO,12
NET_SCH_SKBPRIO,10
NET_SCH_CHOKE,12
NET_SCH_QFQ,12
NET_SCH_CODEL,12
NET_SCH_FQ_CODEL,12
NET_SCH_CAKE,12
NET_SCH_FQ,12
NET_SCH_HHF,12
NET_SCH_PIE,12
NET_SCH_FQ_PIE,12
NET_SCH_INGRESS,12
NET_SCH_PLUG,12
NET_SCH_ETS,12
NET_SCH_BPF,6
NET_SCH_DUALPI2,6
NET_SCH_DEFAULT,8
DEFAULT_FQ_CODEL,8
DEFAULT_NET_SCH,8
NET_CLS,12
NET_CLS_BASIC,12
NET_CLS_ROUTE4,12
NET_CLS_FW,12
NET_CLS_U32,12
CLS_U32_PERF,12
CLS_U32_MARK,12
NET_CLS_FLOW,12
NET_CLS_CGROUP,12
NET_CLS_BPF,12
NET_CLS_FLOWER,12
NET_CLS_MATCHALL,12
NET_EMATCH,12
NET_EMATCH_STACK,12
NET_EMATCH_CMP,12
NET_EMATCH_NBYTE,12
NET_EMATCH_U32,12
NET_EMATCH_META,12
NET_EMATCH_TEXT,12
NET_EMATCH_CANID,12
NET_EMATCH_IPSET,12
NET_EMATCH_IPT,12
NET_CLS_ACT,12
NET_ACT_POLICE,12
NET_ACT_GACT,12
GACT_PROB,12
NET_ACT_MIRRED,12
NET_ACT_SAMPLE,12
NET_ACT_NAT,12
NET_ACT_PEDIT,12
NET_ACT_SIMP,12
NET_ACT_SKBEDIT,12
NET_ACT_CSUM,12
NET_ACT_MPLS,12
NET_ACT_VLAN,12
NET_ACT_BPF,12
NET_ACT_CONNMARK,12
NET_ACT_CTINFO,12
NET_ACT_SKBMOD,12
NET_ACT_IFE,12
NET_ACT_TUNNEL_KEY,12
NET_ACT_CT,12
NET_ACT_GATE,12
NET_IFE_SKBMARK,12
NET_IFE_SKBPRIO,12
NET_IFE_SKBTCINDEX,12
NET_TC_SKB_EXT,6
NET_SCH_FIFO,12
DCB,12
DNS_RESOLVER,12
BATMAN_ADV,12
BATMAN_ADV_BATMAN_V,10
BATMAN_ADV_BLA,12
BATMAN_ADV_DAT,12
BATMAN_ADV_MCAST,12
OPENVSWITCH,12
OPENVSWITCH_GRE,12
OPENVSWITCH_VXLAN,12
OPENVSWITCH_GENEVE,12
VSOCKETS,12
VSOCKETS_DIAG,12
VSOCKETS_LOOPBACK,12
VMWARE_VMCI_VSOCKETS,12
VIRTIO_VSOCKETS,12
VIRTIO_VSOCKETS_COMMON,12
HYPERV_VSOCKETS,12
NETLINK_DIAG,12
MPLS,12
NET_MPLS_GSO,12
MPLS_ROUTING,12
MPLS_IPTUNNEL,12
NET_NSH,12
HSR,6
NET_SWITCHDEV,12
NET_L3_MASTER_DEV,12
QRTR,12
QRTR_SMD,4
QRTR_TUN,4
QRTR_MHI,12
NET_NCSI,6
NCSI_OEM_CMD_GET_MAC,6
NCSI_OEM_CMD_KEEP_PHY,6
PCPU_DEV_REFCNT,10
MAX_SKB_FRAGS,6
RPS,12
RFS_ACCEL,12
SOCK_RX_QUEUE_MAPPING,10
XPS,12
CGROUP_NET_PRIO,12
CGROUP_NET_CLASSID,12
NET_RX_BUSY_POLL,12
BQL,12
BPF_STREAM_PARSER,12
NET_FLOW_LIMIT,12
NET_PKTGEN,12
NET_DROP_MONITOR,12
HAMRADIO,12
AX25,12
AX25_DAMA_SLAVE,12
NETROM,12
ROSE,12
MKISS,12
6PACK,12
BPQETHER,12
BAYCOM_SER_FDX,12
BAYCOM_SER_HDX,12
BAYCOM_PAR,12
YAM,12
CAN,12
CAN_RAW,12
CAN_BCM,12
CAN_GW,12
CAN_J1939,12
CAN_ISOTP,12
BT,12
BT_BREDR,12
BT_RFCOMM,12
BT_RFCOMM_TTY,12
BT_BNEP,12
BT_BNEP_MC_FILTER,12
BT_BNEP_PROTO_FILTER,12
BT_HIDP,12
BT_LE,12
BT_LE_L2CAP_ECRED,6
BT_6LOWPAN,12
BT_LEDS,12
BT_MSFTEXT,6
BT_AOSPEXT,6
BT_DEBUGFS,10
BT_INTEL,12
BT_BCM,12
BT_RTL,12
BT_QCA,12
BT_MTK,10
BT_HCIBTUSB,12
BT_HCIBTUSB_AUTOSUSPEND,12
BT_HCIBTUSB_POLL_SYNC,6
BT_HCIBTUSB_BCM,12
BT_HCIBTUSB_MTK,10
BT_HCIBTUSB_RTL,12
BT_HCIBTSDIO,12
BT_HCIUART,12
BT_HCIUART_SERDEV,12
BT_HCIUART_H4,12
BT_HCIUART_NOKIA,12
BT_HCIUART_BCSP,12
BT_HCIUART_ATH3K,12
BT_HCIUART_LL,12
BT_HCIUART_3WIRE,12
BT_HCIUART_INTEL,12
BT_HCIUART_BCM,12
BT_HCIUART_RTL,12
BT_HCIUART_QCA,12
BT_HCIUART_AG6XX,12
BT_HCIUART_MRVL,12
BT_HCIUART_AML,4
BT_HCIBCM203X,12
BT_HCIBCM4377,6
BT_HCIBPA10X,12
BT_HCIBFUSB,12
BT_HCIDTL1,12
BT_HCIBT3C,12
BT_HCIBLUECARD,12
BT_HCIVHCI,12
BT_MRVL,12
BT_MRVL_SDIO,12
BT_ATH3K,12
BT_MTKSDIO,6
BT_MTKUART,12
BT_HCIRSI,12
BT_VIRTIO,6
BT_NXPUART,6
BT_INTEL_PCIE,6
AF_RXRPC,12
AF_RXRPC_IPV6,12
AF_RXRPC_DEBUG,6
RXKAD,12
RXGK,6
AF_KCM,10
STREAM_PARSER,12
MCTP,6
MCTP_FLOWS,4
FIB_RULES,12
WIRELESS,12
WIRELESS_EXT,10
WEXT_CORE,10
WEXT_PROC,10
WEXT_PRIV,10
CFG80211,12
CFG80211_REQUIRE_SIGNED_REGDB,12
CFG80211_USE_KERNEL_REGDB_KEYS,12
CFG80211_DEFAULT_PS,12
CFG80211_DEBUGFS,6
CFG80211_CRDA_SUPPORT,12
CFG80211_WEXT,10
MAC80211,12
MAC80211_HAS_RC,12
MAC80211_RC_MINSTREL,12
MAC80211_RC_DEFAULT_MINSTREL,12
MAC80211_RC_DEFAULT,12
MAC80211_MESH,12
MAC80211_LEDS,12
MAC80211_DEBUGFS,6
RFKILL,12
RFKILL_LEDS,12
RFKILL_INPUT,12
RFKILL_GPIO,6
NET_9P,12
NET_9P_FD,10
NET_9P_VIRTIO,12
NET_9P_XEN,12
NET_9P_USBG,6
NET_9P_RDMA,12
CEPH_LIB,12
CEPH_LIB_PRETTYDEBUG,4
CEPH_LIB_USE_DNS_RESOLVER,4
NFC,12
NFC_DIGITAL,12
NFC_NCI,10
NFC_NCI_SPI,6
NFC_NCI_UART,4
NFC_HCI,12
NFC_SHDLC,6
NFC_TRF7970A,6
NFC_MEI_PHY,12
NFC_SIM,12
NFC_PORT100,12
NFC_VIRTUAL_NCI,4
NFC_FDP,4
NFC_FDP_I2C,4
NFC_PN544,12
NFC_PN544_I2C,6
NFC_PN544_MEI,12
NFC_PN533,12
NFC_PN533_USB,12
NFC_PN533_I2C,6
NFC_PN532_UART,6
NFC_MICROREAD,6
NFC_MICROREAD_I2C,6
NFC_MICROREAD_MEI,6
NFC_MRVL,6
NFC_MRVL_USB,6
NFC_MRVL_UART,4
NFC_MRVL_I2C,4
NFC_MRVL_SPI,4
NFC_ST21NFCA,6
NFC_ST21NFCA_I2C,6
NFC_ST_NCI,4
NFC_ST_NCI_I2C,4
NFC_ST_NCI_SPI,4
NFC_NXP_NCI,10
NFC_NXP_NCI_I2C,10
NFC_S3FWRN5,4
NFC_S3FWRN5_I2C,4
NFC_S3FWRN82_UART,4
NFC_ST95HF,4
PSAMPLE,12
NET_IFE,12
LWTUNNEL,12
LWTUNNEL_BPF,12
DST_CACHE,12
GRO_CELLS,12
SOCK_VALIDATE_XMIT,10
NET_IEEE8021Q_HELPERS,4
NET_SELFTESTS,10
NET_SOCK_MSG,12
NET_DEVLINK,12
PAGE_POOL,12
PAGE_POOL_STATS,6
FAILOVER,12
ETHTOOL_NETLINK,12
HAVE_PCI,12
GENERIC_PCI_IOMAP,12
PCI,12
PCI_DOMAINS,12
PCIEPORTBUS,12
HOTPLUG_PCI_PCIE,12
PCIEAER,12
PCIEAER_INJECT,12
PCIEAER_CXL,6
PCIE_ECRC,6
PCIEASPM,12
PCIEASPM_DEFAULT,12
PCIE_PME,12
PCIE_DPC,12
PCIE_PTM,12
PCIE_EDR,6
PCI_MSI,12
PCI_QUIRKS,12
PCI_STUB,12
PCI_PF_STUB,12
XEN_PCIDEV_FRONTEND,12
PCI_ATS,12
PCI_DOE,10
PCI_ECAM,4
PCI_LOCKLESS_CONFIG,12
PCI_IOV,12
PCI_NPEM,6
PCI_PRI,12
PCI_PASID,12
PCIE_TPH,6
PCI_P2PDMA,6
PCI_LABEL,12
PCI_HYPERV,12
VGA_ARB,12
VGA_ARB_MAX_GPUS,12
HOTPLUG_PCI,12
HOTPLUG_PCI_ACPI,12
HOTPLUG_PCI_ACPI_IBM,12
HOTPLUG_PCI_CPCI,10
HOTPLUG_PCI_CPCI_ZT5550,10
HOTPLUG_PCI_CPCI_GENERIC,10
HOTPLUG_PCI_SHPC,12
PCI_HOST_COMMON,4
VMD,12
PCI_HYPERV_INTERFACE,12
PCIE_DW,4
PCIE_DW_DEBUGFS,4
PCIE_DW_HOST,4
PCI_MESON,4
PCIE_DW_PLAT,4
PCIE_DW_PLAT_HOST,4
PCI_SW_SWITCHTEC,6
PCI_PWRCTRL,6
PCI_PWRCTRL_SLOT,6
CXL_BUS,10
CXL_PCI,10
CXL_ACPI,10
CXL_PMEM,10
CXL_MEM,10
CXL_FEATURES,6
CXL_PORT,10
CXL_SUSPEND,10
CXL_REGION,10
CXL_MCE,6
PCCARD,12
PCMCIA,12
PCMCIA_LOAD_CIS,12
CARDBUS,12
YENTA,12
YENTA_O2,10
YENTA_RICOH,10
YENTA_TI,10
YENTA_ENE_TUNE,10
YENTA_TOSHIBA,10
PD6729,12
I82092,12
PCCARD_NONSTATIC,12
AUXILIARY_BUS,10
DEVTMPFS,12
DEVTMPFS_MOUNT,6
DEVTMPFS_SAFE,6
STANDALONE,12
PREVENT_FIRMWARE_BUILD,12
FW_LOADER,12
FW_LOADER_DEBUG,6
RUST_FW_LOADER_ABSTRACTIONS,6
FW_LOADER_PAGED_BUF,12
FW_LOADER_SYSFS,10
FW_LOADER_COMPRESS,10
FW_LOADER_COMPRESS_XZ,10
FW_LOADER_COMPRESS_ZSTD,6
FW_CACHE,12
FW_UPLOAD,6
WANT_DEV_COREDUMP,12
ALLOW_DEV_COREDUMP,12
DEV_COREDUMP,12
HMEM_REPORTING,12
SYS_HYPERVISOR,12
GENERIC_CPU_DEVICES,6
GENERIC_CPU_AUTOPROBE,12
GENERIC_CPU_VULNERABILITIES,12
SOC_BUS,6
REGMAP,12
REGMAP_I2C,12
REGMAP_SLIMBUS,4
REGMAP_SPI,12
REGMAP_W1,4
REGMAP_MMIO,12
REGMAP_IRQ,12
REGMAP_SOUNDWIRE,12
REGMAP_SOUNDWIRE_MBQ,10
REGMAP_SCCB,6
REGMAP_SPI_AVMM,6
DMA_SHARED_BUFFER,12
MHI_BUS,12
MHI_BUS_PCI_GENERIC,10
MHI_BUS_EP,4
CONNECTOR,12
PROC_EVENTS,12
EDD,12
FIRMWARE_MEMMAP,12
DMIID,12
DMI_SYSFS,12
DMI_SCAN_MACHINE_NON_EFI_FALLBACK,12
ISCSI_IBFT_FIND,12
ISCSI_IBFT,12
FW_CFG_SYSFS,12
SYSFB,10
SYSFB_SIMPLEFB,6
FW_CS_DSP,6
GOOGLE_FIRMWARE,8
GOOGLE_CBMEM,4
GOOGLE_COREBOOT_TABLE,8
GOOGLE_MEMCONSOLE,8
GOOGLE_FRAMEBUFFER_COREBOOT,8
GOOGLE_MEMCONSOLE_COREBOOT,8
GOOGLE_VPD,8
EFI_ESRT,12
EFI_VARS_PSTORE,12
EFI_VARS_PSTORE_DEFAULT_DISABLE,6
EFI_SOFT_RESERVE,12
EFI_DXE_MEM_ATTRIBUTES,10
EFI_RUNTIME_WRAPPERS,12
EFI_BOOTLOADER_CONTROL,10
EFI_CAPSULE_LOADER,10
EFI_DEV_PATH_PARSER,12
APPLE_PROPERTIES,12
EFI_RCI2_TABLE,6
EFI_EARLYCON,12
EFI_CUSTOM_SSDT_OVERLAYS,12
EFI_COCO_SECRET,6
OVMF_DEBUG_LOG,6
UNACCEPTED_MEMORY,6
EFI_EMBEDDED_FIRMWARE,10
UEFI_CPER,12
UEFI_CPER_X86,12
QCOM_SCM,4
QCOM_TZMEM,4
QCOM_TZMEM_MODE_GENERIC,4
FWCTL,6
FWCTL_MLX5,6
FWCTL_PDS,6
GNSS,12
GNSS_SERIAL,12
GNSS_MTK_SERIAL,6
GNSS_SIRF_SERIAL,12
GNSS_UBX_SERIAL,12
GNSS_USB,6
MTD,12
MTD_BLKDEVS,12
MTD_BLOCK,12
MTD_PSTORE,4
MTD_PARTITIONED_MASTER,4
MTD_MAP_BANK_WIDTH_1,12
MTD_MAP_BANK_WIDTH_2,12
MTD_MAP_BANK_WIDTH_4,12
MTD_CFI_I1,12
MTD_CFI_I2,12
MTD_ROM,10
MTD_PHRAM,10
MTD_MTDRAM,12
MTDRAM_TOTAL_SIZE,12
MTDRAM_ERASE_SIZE,12
MTD_BLOCK2MTD,12
MTD_INTEL_DG,6
MTD_NAND_CORE,12
MTD_RAW_NAND,12
MTD_NAND_NANDSIM,12
MTD_NAND_ECC,12
MTD_NAND_ECC_SW_HAMMING,12
MTD_NAND_ECC_SW_HAMMING_SMC,4
MTD_NAND_ECC_SW_BCH,10
MTD_NAND_ECC_MXIC,6
MTD_SPI_NOR,12
MTD_SPI_NOR_USE_4K_SECTORS,12
MTD_SPI_NOR_SWP_DISABLE_ON_VOLATILE,10
MTD_UBI,12
MTD_UBI_WL_THRESHOLD,12
MTD_UBI_BEB_LIMIT,12
MTD_UBI_NVMEM,6
ARCH_MIGHT_HAVE_PC_PARPORT,12
PARPORT,12
PARPORT_PC,12
PARPORT_SERIAL,12
PARPORT_PC_FIFO,4
PARPORT_PC_SUPERIO,4
PARPORT_PC_PCMCIA,12
PARPORT_1284,12
PARPORT_NOT_PC,12
PNP,12
PNP_DEBUG_MESSAGES,4
PNPACPI,12
BLK_DEV,12
BLK_DEV_NULL_BLK,12
BLK_DEV_FD,12
CDROM,12
BLK_DEV_PCIESSD_MTIP32XX,12
ZRAM,12
ZRAM_BACKEND_LZ4,6
ZRAM_BACKEND_LZ4HC,6
ZRAM_BACKEND_ZSTD,6
ZRAM_BACKEND_DEFLATE,6
ZRAM_BACKEND_842,6
ZRAM_BACKEND_LZO,6
ZRAM_DEF_COMP_ZSTD,4
ZRAM_DEF_COMP,10
ZRAM_WRITEBACK,12
ZRAM_TRACK_ENTRY_ACTIME,4
ZRAM_MEMORY_TRACKING,10
ZRAM_MULTI_COMP,6
BLK_DEV_LOOP,12
BLK_DEV_DRBD,12
BLK_DEV_NBD,12
BLK_DEV_RAM,12
BLK_DEV_RAM_COUNT,12
BLK_DEV_RAM_SIZE,12
ATA_OVER_ETH,12
XEN_BLKDEV_FRONTEND,12
XEN_BLKDEV_BACKEND,12
VIRTIO_BLK,12
BLK_DEV_RBD,12
BLK_DEV_UBLK,6
BLKDEV_UBLK_LEGACY_OPCODES,6
BLK_DEV_RNBD,6
BLK_DEV_RNBD_CLIENT,6
BLK_DEV_RNBD_SERVER,6
BLK_DEV_ZONED_LOOP,6
NVME_KEYRING,6
NVME_AUTH,6
NVME_CORE,12
BLK_DEV_NVME,12
NVME_MULTIPATH,12
NVME_VERBOSE_ERRORS,4
NVME_HWMON,12
NVME_FABRICS,12
NVME_RDMA,12
NVME_FC,12
NVME_TCP,12
NVME_TCP_TLS,6
NVME_HOST_AUTH,6
NVME_TARGET,12
NVME_TARGET_DEBUGFS,4
NVME_TARGET_PASSTHRU,6
NVME_TARGET_LOOP,6
NVME_TARGET_RDMA,12
NVME_TARGET_FC,12
NVME_TARGET_FCLOOP,6
NVME_TARGET_TCP,12
NVME_TARGET_TCP_TLS,6
NVME_TARGET_AUTH,6
SENSORS_LIS3LV02D,12
AD525X_DPOT,10
AD525X_DPOT_I2C,10
AD525X_DPOT_SPI,10
IBM_ASM,12
PHANTOM,10
RPMB,6
TI_FPC202,6
TIFM_CORE,12
TIFM_7XX1,12
ICS932S401,10
ENCLOSURE_SERVICES,12
SMPRO_ERRMON,4
SMPRO_MISC,4
HP_ILO,12
APDS9802ALS,12
ISL29003,12
ISL29020,12
SENSORS_TSL2550,12
SENSORS_BH1770,12
SENSORS_APDS990X,12
HMC6352,10
DS1682,10
VMWARE_BALLOON,12
LATTICE_ECP3_CONFIG,4
DW_XDATA_PCIE,6
PCI_ENDPOINT_TEST,4
XILINX_SDFEC,4
MISC_RTSX,12
NTSYNC,6
TPS6594_ESM,6
TPS6594_PFSM,6
NSM,6
C2PORT,10
C2PORT_DURAMAR_2150,10
EEPROM_AT24,12
EEPROM_MAX6875,12
EEPROM_93CX6,12
EEPROM_IDT_89HPESX,6
EEPROM_EE1004,12
EEPROM_M24LR,6
CB710_CORE,12
CB710_DEBUG_ASSUMPTIONS,12
SENSORS_LIS3_I2C,12
ALTERA_STAPL,12
INTEL_MEI,12
INTEL_MEI_ME,12
INTEL_MEI_TXE,12
INTEL_MEI_GSC,6
INTEL_MEI_VSC_HW,6
INTEL_MEI_VSC,6
INTEL_MEI_LB,6
INTEL_MEI_HDCP,12
INTEL_MEI_PXP,6
INTEL_MEI_GSC_PROXY,6
VMWARE_VMCI,12
GENWQE,4
BCM_VK,6
BCM_VK_TTY,6
MISC_ALCOR_PCI,6
MISC_RTSX_PCI,12
MISC_RTSX_USB,12
UACCE,6
PVPANIC,12
PVPANIC_MMIO,10
PVPANIC_PCI,8
GP_PCI1XXXX,6
KEBA_CP500,4
KEBA_LAN9252,4
SCSI_MOD,12
RAID_ATTRS,12
SCSI_COMMON,10
SCSI,12
SCSI_DMA,12
SCSI_NETLINK,12
SCSI_PROC_FS,6
BLK_DEV_SD,12
CHR_DEV_ST,12
BLK_DEV_SR,12
CHR_DEV_SG,12
BLK_DEV_BSG,12
CHR_DEV_SCH,12
SCSI_ENCLOSURE,12
SCSI_CONSTANTS,12
SCSI_LOGGING,12
SCSI_SCAN_ASYNC,12
SCSI_SPI_ATTRS,12
SCSI_FC_ATTRS,12
SCSI_ISCSI_ATTRS,12
SCSI_SAS_ATTRS,12
SCSI_SAS_LIBSAS,12
SCSI_SAS_ATA,12
SCSI_SAS_HOST_SMP,12
SCSI_SRP_ATTRS,12
SCSI_LOWLEVEL,12
ISCSI_TCP,12
ISCSI_BOOT_SYSFS,12
SCSI_CXGB3_ISCSI,12
SCSI_CXGB4_ISCSI,12
SCSI_BNX2_ISCSI,12
SCSI_BNX2X_FCOE,12
BE2ISCSI,12
BLK_DEV_3W_XXXX_RAID,12
SCSI_HPSA,12
SCSI_3W_9XXX,12
SCSI_3W_SAS,12
SCSI_ACARD,12
SCSI_AACRAID,12
SCSI_AIC7XXX,12
AIC7XXX_CMDS_PER_DEVICE,12
AIC7XXX_RESET_DELAY_MS,12
AIC7XXX_DEBUG_ENABLE,10
AIC7XXX_REG_PRETTY_PRINT,10
SCSI_AIC79XX,12
AIC79XX_CMDS_PER_DEVICE,12
AIC79XX_RESET_DELAY_MS,12
AIC79XX_DEBUG_ENABLE,10
AIC79XX_REG_PRETTY_PRINT,10
SCSI_AIC94XX,10
AIC94XX_DEBUG,4
SCSI_MVSAS,12
SCSI_MVSAS_DEBUG,4
SCSI_MVSAS_TASKLET,6
SCSI_MVUMI,12
SCSI_ADVANSYS,12
SCSI_ARCMSR,12
SCSI_ESAS2R,12
MEGARAID_NEWGEN,12
MEGARAID_MM,12
MEGARAID_MAILBOX,12
MEGARAID_LEGACY,12
MEGARAID_SAS,12
SCSI_MPT3SAS,12
SCSI_MPT2SAS_MAX_SGE,12
SCSI_MPT3SAS_MAX_SGE,12
SCSI_MPT2SAS,12
SCSI_MPI3MR,10
SCSI_SMARTPQI,12
SCSI_HPTIOP,12
SCSI_BUSLOGIC,12
SCSI_FLASHPOINT,6
SCSI_MYRB,12
SCSI_MYRS,12
VMWARE_PVSCSI,12
XEN_SCSI_FRONTEND,12
HYPERV_STORAGE,12
LIBFC,12
LIBFCOE,12
FCOE,12
FCOE_FNIC,12
SCSI_SNIC,12
SCSI_DMX3191D,12
SCSI_FDOMAIN,6
SCSI_FDOMAIN_PCI,6
SCSI_ISCI,12
SCSI_IPS,12
SCSI_INITIO,12
SCSI_INIA100,12
SCSI_PPA,4
SCSI_IMM,4
SCSI_STEX,12
SCSI_SYM53C8XX_2,12
SCSI_SYM53C8XX_DMA_ADDRESSING_MODE,12
SCSI_SYM53C8XX_DEFAULT_TAGS,12
SCSI_SYM53C8XX_MAX_TAGS,12
SCSI_SYM53C8XX_MMIO,12
SCSI_IPR,12
SCSI_IPR_TRACE,6
SCSI_IPR_DUMP,6
SCSI_QLOGIC_1280,12
SCSI_QLA_FC,12
TCM_QLA2XXX,12
SCSI_QLA_ISCSI,12
QEDI,12
QEDF,12
SCSI_LPFC,12
SCSI_EFCT,6
SCSI_DC395x,12
SCSI_AM53C974,12
SCSI_WD719X,12
SCSI_DEBUG,12
SCSI_PMCRAID,12
SCSI_PM8001,12
SCSI_BFA_FC,12
SCSI_VIRTIO,12
SCSI_CHELSIO_FCOE,12
SCSI_LOWLEVEL_PCMCIA,10
PCMCIA_AHA152X,10
PCMCIA_FDOMAIN,4
PCMCIA_QLOGIC,10
PCMCIA_SYM53C500,10
SCSI_DH,12
SCSI_DH_RDAC,12
SCSI_DH_HP_SW,12
SCSI_DH_EMC,12
SCSI_DH_ALUA,12
ATA,12
SATA_HOST,12
PATA_TIMINGS,12
ATA_VERBOSE_ERROR,12
ATA_FORCE,12
ATA_ACPI,12
SATA_ZPODD,10
SATA_PMP,12
SATA_AHCI,12
SATA_MOBILE_LPM_POLICY,12
SATA_AHCI_PLATFORM,6
AHCI_DWC,6
SATA_INIC162X,6
SATA_ACARD_AHCI,12
SATA_SIL24,12
ATA_SFF,12
PDC_ADMA,12
SATA_QSTOR,12
SATA_SX4,12
ATA_BMDMA,12
ATA_PIIX,12
SATA_DWC,4
SATA_MV,12
SATA_NV,12
SATA_PROMISE,12
SATA_SIL,12
SATA_SIS,12
SATA_SVW,12
SATA_ULI,12
SATA_VIA,12
SATA_VITESSE,12
PATA_ALI,12
PATA_AMD,12
PATA_ARTOP,12
PATA_ATIIXP,12
PATA_ATP867X,12
PATA_CMD64X,12
PATA_CYPRESS,4
PATA_EFAR,12
PATA_HPT366,12
PATA_HPT37X,12
PATA_HPT3X2N,6
PATA_HPT3X3,6
PATA_HPT3X3_DMA,4
PATA_IT8213,12
PATA_IT821X,12
PATA_JMICRON,12
PATA_MARVELL,12
PATA_NETCELL,12
PATA_NINJA32,12
PATA_NS87415,12
PATA_OLDPIIX,12
PATA_OPTIDMA,6
PATA_PDC2027X,12
PATA_PDC_OLD,12
PATA_RADISYS,4
PATA_RDC,10
PATA_SCH,12
PATA_SERVERWORKS,12
PATA_SIL680,12
PATA_SIS,12
PATA_TOSHIBA,12
PATA_TRIFLEX,12
PATA_VIA,12
PATA_WINBOND,6
PATA_CMD640_PCI,6
PATA_MPIIX,12
PATA_NS87410,12
PATA_OPTI,6
PATA_PCMCIA,12
PATA_RZ1000,10
PATA_PARPORT,4
PATA_PARPORT_ATEN,4
PATA_PARPORT_BPCK,4
PATA_PARPORT_BPCK6,4
PATA_PARPORT_COMM,4
PATA_PARPORT_DSTR,4
PATA_PARPORT_FIT2,4
PATA_PARPORT_FIT3,4
PATA_PARPORT_EPAT,4
PATA_PARPORT_EPATC8,4
PATA_PARPORT_EPIA,4
PATA_PARPORT_FRIQ,4
PATA_PARPORT_FRPW,4
PATA_PARPORT_KBIC,4
PATA_PARPORT_KTTI,4
PATA_PARPORT_ON20,4
PATA_PARPORT_ON26,4
PATA_ACPI,6
ATA_GENERIC,12
PATA_LEGACY,8
MD,12
BLK_DEV_MD,12
MD_BITMAP,6
MD_LLBITMAP,4
MD_BITMAP_FILE,6
MD_LINEAR,12
MD_RAID0,12
MD_RAID1,12
MD_RAID10,12
MD_RAID456,12
MD_CLUSTER,10
BCACHE,12
BCACHE_ASYNC_REGISTRATION,4
BLK_DEV_DM_BUILTIN,12
BLK_DEV_DM,12
DM_DEBUG,6
DM_BUFIO,12
DM_DEBUG_BLOCK_MANAGER_LOCKING,4
DM_BIO_PRISON,12
DM_PERSISTENT_DATA,12
DM_UNSTRIPED,12
DM_CRYPT,12
DM_SNAPSHOT,12
DM_THIN_PROVISIONING,12
DM_CACHE,12
DM_CACHE_SMQ,12
DM_WRITECACHE,12
DM_EBS,6
DM_ERA,12
DM_CLONE,6
DM_MIRROR,12
DM_LOG_USERSPACE,12
DM_RAID,12
DM_ZERO,12
DM_MULTIPATH,12
DM_MULTIPATH_QL,12
DM_MULTIPATH_ST,12
DM_MULTIPATH_HST,6
DM_MULTIPATH_IOA,6
DM_DELAY,12
DM_DUST,6
DM_UEVENT,12
DM_FLAKEY,12
DM_VERITY,12
DM_VERITY_VERIFY_ROOTHASH_SIG,12
DM_VERITY_VERIFY_ROOTHASH_SIG_SECONDARY_KEYRING,10
DM_VERITY_VERIFY_ROOTHASH_SIG_PLATFORM_KEYRING,6
DM_VERITY_FEC,10
DM_SWITCH,12
DM_LOG_WRITES,12
DM_INTEGRITY,12
DM_ZONED,12
DM_AUDIT,10
DM_VDO,6
DM_PCACHE,4
TARGET_CORE,12
TCM_IBLOCK,12
TCM_FILEIO,12
TCM_PSCSI,12
TCM_USER2,12
LOOPBACK_TARGET,12
TCM_FC,12
ISCSI_TARGET,12
ISCSI_TARGET_CXGB4,12
SBP_TARGET,12
REMOTE_TARGET,6
FUSION,12
FUSION_SPI,12
FUSION_FC,12
FUSION_SAS,12
FUSION_MAX_SGE,12
FUSION_CTL,12
FUSION_LAN,12
FIREWIRE,12
FIREWIRE_OHCI,12
FIREWIRE_SBP2,12
FIREWIRE_NET,12
FIREWIRE_NOSY,12
MACINTOSH_DRIVERS,12
MAC_EMUMOUSEBTN,12
NETDEVICES,12
MII,12
NET_CORE,12
BONDING,12
DUMMY,12
WIREGUARD,12
OVPN,6
EQUALIZER,12
NET_FC,12
IFB,12
NET_TEAM,12
NET_TEAM_MODE_BROADCAST,12
NET_TEAM_MODE_ROUNDROBIN,12
NET_TEAM_MODE_RANDOM,12
NET_TEAM_MODE_ACTIVEBACKUP,12
NET_TEAM_MODE_LOADBALANCE,12
MACVLAN,12
MACVTAP,12
IPVLAN_L3S,12
IPVLAN,12
IPVTAP,12
VXLAN,12
GENEVE,12
BAREUDP,6
GTP,12
PFCP,6
AMT,6
MACSEC,12
NETCONSOLE,12
NETCONSOLE_DYNAMIC,12
NETPOLL,12
NET_POLL_CONTROLLER,12
NTB_NETDEV,6
TUN,12
TAP,12
VETH,12
VIRTIO_NET,12
NLMON,12
NETKIT,6
NET_VRF,12
VSOCKMON,12
MHI_NET,10
SUNGEM_PHY,12
ATM_DRIVERS,12
ATM_TCP,12
ATM_LANAI,10
ATM_ENI,12
ATM_NICSTAR,12
ATM_IDT77252,10
ATM_IDT77252_USE_SUNI,10
ATM_IA,10
ATM_FORE200E,10
ATM_FORE200E_USE_TASKLET,4
ATM_FORE200E_TX_RETRY,10
ATM_HE,12
ATM_HE_USE_SUNI,10
ATM_SOLOS,12
B53,6
B53_SPI_DRIVER,6
B53_MDIO_DRIVER,6
B53_MMAP_DRIVER,6
B53_SRAB_DRIVER,6
B53_SERDES,6
NET_DSA_BCM_SF2,6
NET_DSA_LOOP,6
NET_DSA_HIRSCHMANN_HELLCREEK,6
NET_DSA_MT7530,6
NET_DSA_MT7530_MDIO,6
NET_DSA_MT7530_MMIO,6
NET_DSA_MV88E6060,4
NET_DSA_MICROCHIP_KSZ_COMMON,4
NET_DSA_MICROCHIP_KSZ9477_I2C,4
NET_DSA_MICROCHIP_KSZ_SPI,4
NET_DSA_MICROCHIP_KSZ_PTP,4
NET_DSA_MICROCHIP_KSZ8863_SMI,4
NET_DSA_MV88E6XXX,6
NET_DSA_MV88E6XXX_PTP,6
NET_DSA_MV88E6XXX_LEDS,6
NET_DSA_MSCC_FELIX_DSA_LIB,4
NET_DSA_MSCC_OCELOT_EXT,4
NET_DSA_MSCC_SEVILLE,4
NET_DSA_AR9331,4
NET_DSA_QCA8K,6
NET_DSA_QCA8K_LEDS_SUPPORT,6
NET_DSA_SJA1105,4
NET_DSA_SJA1105_PTP,4
NET_DSA_SJA1105_TAS,4
NET_DSA_SJA1105_VL,4
NET_DSA_XRS700X,6
NET_DSA_XRS700X_I2C,6
NET_DSA_XRS700X_MDIO,6
NET_DSA_REALTEK,6
NET_DSA_KS8995,4
NET_DSA_SMSC_LAN9303,6
NET_DSA_SMSC_LAN9303_I2C,6
NET_DSA_SMSC_LAN9303_MDIO,6
NET_DSA_VITESSE_VSC73XX,4
NET_DSA_VITESSE_VSC73XX_SPI,4
NET_DSA_VITESSE_VSC73XX_PLATFORM,4
ETHERNET,12
MDIO,12
NET_VENDOR_3COM,12
PCMCIA_3C574,12
PCMCIA_3C589,12
VORTEX,12
TYPHOON,12
NET_VENDOR_ADAPTEC,12
ADAPTEC_STARFIRE,12
NET_VENDOR_AGERE,12
ET131X,12
NET_VENDOR_ALACRITECH,10
SLICOSS,4
NET_VENDOR_ALTEON,12
ACENIC,12
ALTERA_TSE,6
NET_VENDOR_AMAZON,12
ENA_ETHERNET,12
NET_VENDOR_AMD,12
AMD8111_ETH,12
PCNET32,12
PCMCIA_NMCLAN,12
AMD_XGBE,12
AMD_XGBE_DCB,12
AMD_XGBE_HAVE_ECC,12
PDS_CORE,6
NET_VENDOR_AQUANTIA,12
AQTION,12
NET_VENDOR_ARC,6
NET_VENDOR_ASIX,10
SPI_AX88796C,6
SPI_AX88796C_COMPRESSION,6
NET_VENDOR_ATHEROS,12
ATL2,12
ATL1,12
ATL1E,12
ATL1C,12
ALX,12
CX_ECAT,4
NET_VENDOR_BROADCOM,12
B44,12
B44_PCI_AUTOSELECT,12
B44_PCICORE_AUTOSELECT,12
B44_PCI,12
BCMGENET,6
BNX2,12
CNIC,12
TIGON3,12
TIGON3_HWMON,12
BNX2X,12
BNX2X_SRIOV,12
SYSTEMPORT,4
BNXT,12
BNXT_SRIOV,12
BNXT_FLOWER_OFFLOAD,12
BNXT_DCB,12
BNXT_HWMON,12
BNGE,6
NET_VENDOR_CADENCE,12
MACB,6
MACB_USE_HWSTAMP,6
MACB_PCI,6
NET_VENDOR_CAVIUM,10
THUNDER_NIC_PF,4
THUNDER_NIC_VF,4
THUNDER_NIC_BGX,4
THUNDER_NIC_RGX,4
CAVIUM_PTP,10
LIQUIDIO_CORE,4
LIQUIDIO,10
LIQUIDIO_VF,10
NET_VENDOR_CHELSIO,12
CHELSIO_T1,12
CHELSIO_T1_1G,12
CHELSIO_T3,12
CHELSIO_T4,12
CHELSIO_T4_DCB,12
CHELSIO_T4_FCOE,10
CHELSIO_T4VF,12
CHELSIO_LIB,12
CHELSIO_INLINE_CRYPTO,12
CHELSIO_IPSEC_INLINE,6
CHELSIO_TLS_DEVICE,6
NET_VENDOR_CISCO,12
ENIC,12
NET_VENDOR_CORTINA,10
NET_VENDOR_DAVICOM,10
DM9051,6
DNET,6
NET_VENDOR_DEC,12
NET_TULIP,12
DE2104X,12
TULIP,12
TULIP_MWI,4
TULIP_MMIO,6
TULIP_NAPI,10
TULIP_NAPI_HW_MITIGATION,10
WINBOND_840,12
DM9102,12
ULI526X,12
PCMCIA_XIRCOM,12
NET_VENDOR_DLINK,12
DL2K,12
SUNDANCE,12
NET_VENDOR_EMULEX,12
BE2NET,12
BE2NET_HWMON,10
BE2NET_BE2,12
BE2NET_BE3,12
BE2NET_LANCER,12
BE2NET_SKYHAWK,12
NET_VENDOR_ENGLEDER,10
TSNEP,6
NET_VENDOR_EZCHIP,10
NET_VENDOR_FUJITSU,10
PCMCIA_FMVJ18X,10
NET_VENDOR_FUNGIBLE,10
FUN_CORE,6
FUN_ETH,6
NET_VENDOR_GOOGLE,12
GVE,12
NET_VENDOR_HISILICON,4
HIBMCGE,4
NET_VENDOR_HUAWEI,10
HINIC,10
HINIC3,4
NET_VENDOR_I825XX,10
NET_VENDOR_INTEL,12
LIBETH,6
LIBETH_XDP,6
LIBIE,6
LIBIE_ADMINQ,6
LIBIE_FWLOG,6
E100,12
E1000,12
E1000E,12
E1000E_HWTS,12
IGB,12
IGB_HWMON,12
IGB_DCA,12
IGBVF,12
IXGBE,12
IXGBE_HWMON,12
IXGBE_DCA,12
IXGBE_DCB,12
IXGBEVF,12
IXGBEVF_IPSEC,12
I40E,12
I40E_DCB,10
IAVF,12
I40EVF,12
ICE,12
ICE_HWMON,6
ICE_SWITCHDEV,10
ICE_HWTS,10
FM10K,6
IGC,12
IGC_LEDS,6
IDPF,6
JME,12
NET_VENDOR_ADI,10
ADIN1110,6
NET_VENDOR_LITEX,10
NET_VENDOR_MARVELL,12
MVMDIO,6
SKGE,12
SKGE_GENESIS,12
SKY2,12
OCTEON_EP,6
OCTEON_EP_VF,6
PRESTERA,6
PRESTERA_PCI,6
NET_VENDOR_MELLANOX,12
MLX4_EN,12
MLX4_EN_DCB,12
MLX4_CORE,12
MLX4_DEBUG,12
MLX4_CORE_GEN2,12
MLX5_CORE,12
MLX5_FPGA,12
MLX5_CORE_EN,12
MLX5_EN_ARFS,12
MLX5_EN_RXNFC,12
MLX5_MPFS,12
MLX5_ESWITCH,12
MLX5_BRIDGE,10
MLX5_CLS_ACT,12
MLX5_TC_CT,6
MLX5_TC_SAMPLE,10
MLX5_CORE_EN_DCB,12
MLX5_CORE_IPOIB,12
MLX5_MACSEC,6
MLX5_EN_IPSEC,6
MLX5_EN_TLS,6
MLX5_SW_STEERING,12
MLX5_HW_STEERING,6
MLX5_SF,6
MLX5_SF_MANAGER,6
MLX5_DPLL,6
MLX5_EN_PSP,6
MLXSW_CORE,6
MLXSW_CORE_HWMON,6
MLXSW_CORE_THERMAL,6
MLXSW_PCI,6
MLXSW_I2C,6
MLXSW_SPECTRUM,6
MLXSW_SPECTRUM_DCB,6
MLXSW_MINIMAL,6
MLXFW,12
NET_VENDOR_META,6
FBNIC,4
NET_VENDOR_MICREL,12
KS8842,4
KS8851,4
KS8851_MLL,4
KSZ884X_PCI,12
NET_VENDOR_MICROCHIP,12
ENC28J60,4
ENCX24J600,4
LAN743X,12
LAN865X,4
VCAP,6
NET_VENDOR_MICROSEMI,10
MSCC_OCELOT_SWITCH_LIB,4
NET_VENDOR_MICROSOFT,10
MICROSOFT_MANA,10
NET_VENDOR_MYRI,12
MYRI10GE,12
MYRI10GE_DCA,12
FEALNX,12
NET_VENDOR_NI,10
NI_XGE_MANAGEMENT_ENET,4
NET_VENDOR_NATSEMI,12
NATSEMI,12
NS83820,12
NET_VENDOR_NETERION,12
S2IO,12
NET_VENDOR_NETRONOME,12
NFP,12
NFP_APP_FLOWER,12
NFP_APP_ABM_NIC,10
NFP_NET_IPSEC,6
NET_VENDOR_8390,12
PCMCIA_AXNET,12
NE2K_PCI,12
PCMCIA_PCNET,12
NET_VENDOR_NVIDIA,12
FORCEDETH,12
NET_VENDOR_OKI,12
ETHOC,6
OA_TC6,4
NET_VENDOR_PACKET_ENGINES,12
HAMACHI,12
YELLOWFIN,12
NET_VENDOR_PENSANDO,12
IONIC,6
NET_VENDOR_QLOGIC,12
QLA3XXX,12
QLCNIC,12
QLCNIC_SRIOV,12
QLCNIC_DCB,12
QLCNIC_HWMON,12
NETXEN_NIC,12
QED,12
QED_LL2,12
QED_SRIOV,12
QEDE,12
QED_RDMA,12
QED_ISCSI,12
QED_FCOE,12
QED_OOO,12
NET_VENDOR_BROCADE,12
BNA,12
NET_VENDOR_QUALCOMM,10
QCOM_EMAC,4
RMNET,4
NET_VENDOR_RDC,12
R6040,12
NET_VENDOR_REALTEK,12
ATP,6
8139CP,12
8139TOO,12
8139TOO_TUNE_TWISTER,10
8139TOO_8129,12
R8169,12
R8169_LEDS,6
RTASE,4
NET_VENDOR_RENESAS,10
NET_VENDOR_ROCKER,12
ROCKER,6
NET_VENDOR_SAMSUNG,10
SXGBE_ETH,4
NET_VENDOR_SEEQ,4
NET_VENDOR_SILAN,12
SC92031,12
NET_VENDOR_SIS,12
SIS900,12
SIS190,12
NET_VENDOR_SOLARFLARE,12
SFC,12
SFC_MTD,12
SFC_MCDI_MON,12
SFC_SRIOV,12
SFC_MCDI_LOGGING,10
SFC_FALCON,12
SFC_FALCON_MTD,12
SFC_SIENA,10
SFC_SIENA_MTD,10
SFC_SIENA_MCDI_MON,10
SFC_SIENA_SRIOV,10
SFC_SIENA_MCDI_LOGGING,10
NET_VENDOR_SMSC,12
PCMCIA_SMC91C92,12
EPIC100,12
SMSC911X,6
SMSC9420,12
NET_VENDOR_SOCIONEXT,10
NET_VENDOR_STMICRO,12
STMMAC_ETH,12
STMMAC_PLATFORM,10
DWMAC_GENERIC,10
DWMAC_INTEL,12
STMMAC_PCI,4
NET_VENDOR_SUN,12
HAPPYMEAL,12
SUNGEM,12
CASSINI,12
NIU,12
NET_VENDOR_SYNOPSYS,10
DWC_XLGMAC,4
DWC_XLGMAC_PCI,4
NET_VENDOR_TEHUTI,12
TEHUTI,12
TEHUTI_TN40,6
NET_VENDOR_TI,12
TLAN,12
NET_VENDOR_VERTEXCOM,10
MSE102X,6
NET_VENDOR_VIA,12
VIA_RHINE,12
VIA_RHINE_MMIO,6
VIA_VELOCITY,12
NET_VENDOR_WANGXUN,10
LIBWX,6
NGBE,6
TXGBE,6
TXGBEVF,6
NGBEVF,6
NET_VENDOR_WIZNET,12
WIZNET_W5100,6
WIZNET_W5300,6
WIZNET_BUS_ANY,6
WIZNET_W5100_SPI,6
NET_VENDOR_XILINX,12
XILINX_EMACLITE,6
XILINX_AXI_EMAC,4
XILINX_LL_TEMAC,6
NET_VENDOR_XIRCOM,12
PCMCIA_XIRC2PS,12
FDDI,10
DEFXX,10
SKFP,10
MDIO_BUS,12
PHYLINK,12
PHYLIB,12
SWPHY,12
PHY_PACKAGE,6
LED_TRIGGER_PHY,12
OPEN_ALLIANCE_HELPERS,6
FIXED_PHY,12
SFP,12
AS21XXX_PHY,6
AIR_EN8811H_PHY,6
AMD_PHY,12
ADIN_PHY,6
ADIN1100_PHY,4
AQUANTIA_PHY,12
AX88796B_PHY,10
BROADCOM_PHY,12
BCM54140_PHY,6
BCM7XXX_PHY,6
BCM84881_PHY,4
BCM87XX_PHY,12
BCM_NET_PHYLIB,12
BCM_NET_PHYPTP,10
CICADA_PHY,12
CORTINA_PHY,12
DAVICOM_PHY,12
ICPLUS_PHY,12
LXT_PHY,12
INTEL_XWAY_PHY,6
LSI_ET1011C_PHY,12
MARVELL_PHY,12
MARVELL_10G_PHY,12
MARVELL_88Q2XXX_PHY,6
MARVELL_88X2222_PHY,6
MAXLINEAR_GPHY,6
MAXLINEAR_86110_PHY,6
MEDIATEK_GE_PHY,6
MTK_NET_PHYLIB,6
MICREL_PHY,12
MICROCHIP_T1S_PHY,6
MICROCHIP_PHY,12
MICROCHIP_T1_PHY,10
MICROCHIP_PHY_RDS_PTP,4
MICROSEMI_PHY,12
MOTORCOMM_PHY,6
NATIONAL_PHY,12
NXP_CBTX_PHY,6
NXP_C45_TJA11XX_PHY,6
NXP_TJA11XX_PHY,4
NCN26000_PHY,6
QCOM_NET_PHYLIB,6
AT803X_PHY,12
QCA83XX_PHY,6
QCA808X_PHY,6
QSEMI_PHY,12
REALTEK_PHY,12
REALTEK_PHY_HWMON,6
RENESAS_PHY,10
SMSC_PHY,12
STE10XP,12
TERANETICS_PHY,12
DP83822_PHY,12
DP83TC811_PHY,10
DP83848_PHY,12
DP83867_PHY,12
DP83869_PHY,6
DP83TD510_PHY,4
DP83TG720_PHY,6
VITESSE_PHY,12
XILINX_GMII2RGMII,6
PSE_CONTROLLER,4
PSE_REGULATOR,4
PSE_PD692X0,4
PSE_SI3474,4
PSE_TPS23881,4
CAN_DEV,12
CAN_VCAN,12
CAN_VXCAN,12
CAN_NETLINK,10
CAN_CALC_BITTIMING,12
CAN_RX_OFFLOAD,10
CAN_CAN327,6
CAN_JANZ_ICAN3,4
CAN_KVASER_PCIEFD,4
CAN_SLCAN,12
CAN_C_CAN,4
CAN_C_CAN_PLATFORM,4
CAN_C_CAN_PCI,4
CAN_CC770,4
CAN_CC770_ISA,4
CAN_CC770_PLATFORM,4
CAN_CTUCANFD,6
CAN_CTUCANFD_PCI,6
CAN_ESD_402_PCI,4
CAN_IFI_CANFD,6
CAN_M_CAN,6
CAN_M_CAN_PCI,6
CAN_M_CAN_PLATFORM,4
CAN_M_CAN_TCAN4X5X,4
CAN_PEAK_PCIEFD,12
CAN_SJA1000,10
CAN_EMS_PCI,10
CAN_F81601,4
CAN_KVASER_PCI,10
CAN_PEAK_PCI,10
CAN_PEAK_PCIEC,10
CAN_PEAK_PCMCIA,10
CAN_PLX_PCI,10
CAN_SJA1000_ISA,10
CAN_SJA1000_PLATFORM,4
CAN_SOFTING,10
CAN_SOFTING_CS,10
CAN_HI311X,10
CAN_MCP251X,12
CAN_MCP251XFD,10
CAN_8DEV_USB,12
CAN_EMS_USB,12
CAN_ESD_USB,10
CAN_ETAS_ES58X,4
CAN_F81604,6
CAN_GS_USB,12
CAN_KVASER_USB,12
CAN_MCBA_USB,12
CAN_NCT6694,4
CAN_PEAK_USB,12
CAN_UCAN,10
MCTP_SERIAL,6
MCTP_TRANSPORT_I2C,4
MCTP_TRANSPORT_USB,6
FWNODE_MDIO,10
ACPI_MDIO,10
MDIO_BITBANG,6
MDIO_BCM_UNIMAC,6
MDIO_CAVIUM,4
MDIO_GPIO,4
MDIO_I2C,12
MDIO_MVUSB,6
MDIO_MSCC_MIIM,4
MDIO_REGMAP,6
MDIO_THUNDER,4
PCS_XPCS,12
PCS_LYNX,6
PCS_MTK_LYNXI,6
PLIP,10
PPP,12
PPP_BSDCOMP,12
PPP_DEFLATE,12
PPP_FILTER,12
PPP_MPPE,12
PPP_MULTILINK,12
PPPOATM,12
PPPOE,12
PPPOE_HASH_BITS_4,6
PPPOE_HASH_BITS,6
PPTP,12
PPPOL2TP,12
PPP_ASYNC,12
PPP_SYNC_TTY,12
SLIP,12
SLHC,12
SLIP_COMPRESSED,12
SLIP_SMART,12
SLIP_MODE_SLIP6,10
USB_NET_DRIVERS,12
USB_CATC,12
USB_KAWETH,12
USB_PEGASUS,12
USB_RTL8150,12
USB_RTL8152,12
USB_LAN78XX,12
USB_USBNET,12
USB_NET_AX8817X,12
USB_NET_AX88179_178A,12
USB_NET_CDCETHER,12
USB_NET_CDC_EEM,12
USB_NET_CDC_NCM,12
USB_NET_HUAWEI_CDC_NCM,12
USB_NET_CDC_MBIM,12
USB_NET_DM9601,12
USB_NET_SR9700,12
USB_NET_SR9800,10
USB_NET_SMSC75XX,12
USB_NET_SMSC95XX,12
USB_NET_GL620A,12
USB_NET_NET1080,12
USB_NET_PLUSB,12
USB_NET_MCS7830,12
USB_NET_RNDIS_HOST,12
USB_NET_CDC_SUBSET_ENABLE,12
USB_NET_CDC_SUBSET,12
USB_ALI_M5632,12
USB_AN2720,12
USB_BELKIN,12
USB_ARMLINUX,12
USB_EPSON2888,12
USB_KC2190,12
USB_NET_ZAURUS,12
USB_NET_CX82310_ETH,12
USB_NET_KALMIA,12
USB_NET_QMI_WWAN,12
USB_HSO,12
USB_NET_INT51X1,12
USB_CDC_PHONET,10
USB_IPHETH,12
USB_SIERRA_NET,12
USB_VL600,12
USB_NET_CH9200,12
USB_NET_AQC111,12
USB_RTL8153_ECM,10
WLAN,12
WLAN_VENDOR_ADMTEK,10
ADM8211,10
ATH_COMMON,12
WLAN_VENDOR_ATH,12
ATH5K,12
ATH5K_DEBUG,6
ATH5K_TRACER,4
ATH5K_PCI,12
ATH9K_HW,12
ATH9K_COMMON,12
ATH9K_COMMON_DEBUG,6
ATH9K_BTCOEX_SUPPORT,12
ATH9K,12
ATH9K_PCI,12
ATH9K_AHB,2
ATH9K_DEBUGFS,6
ATH9K_STATION_STATISTICS,4
ATH9K_DYNACK,4
ATH9K_WOW,4
ATH9K_RFKILL,12
ATH9K_CHANNEL_CONTEXT,10
ATH9K_PCOEM,12
ATH9K_PCI_NO_EEPROM,6
ATH9K_HTC,12
ATH9K_HTC_DEBUGFS,4
ATH9K_HWRNG,4
ATH9K_COMMON_SPECTRAL,4
CARL9170,12
CARL9170_LEDS,12
CARL9170_DEBUGFS,4
CARL9170_WPC,12
ATH6KL,12
ATH6KL_SDIO,12
ATH6KL_USB,12
ATH6KL_DEBUG,6
ATH6KL_TRACING,4
AR5523,12
WIL6210,12
WIL6210_ISR_COR,12
WIL6210_TRACING,10
WIL6210_DEBUGFS,12
ATH10K,12
ATH10K_CE,12
ATH10K_PCI,12
ATH10K_SDIO,6
ATH10K_USB,12
ATH10K_DEBUG,4
ATH10K_DEBUGFS,6
ATH10K_LEDS,6
ATH10K_SPECTRAL,4
ATH10K_TRACING,4
WCN36XX,6
WCN36XX_DEBUGFS,4
ATH11K,12
ATH11K_AHB,4
ATH11K_PCI,12
ATH11K_DEBUG,4
ATH11K_DEBUGFS,4
ATH11K_SPECTRAL,4
ATH12K,6
ATH12K_AHB,4
ATH12K_DEBUG,4
ATH12K_DEBUGFS,4
ATH12K_TRACING,4
ATH12K_COREDUMP,4
WLAN_VENDOR_ATMEL,10
AT76C50X_USB,10
WLAN_VENDOR_BROADCOM,12
B43,12
B43_BCMA,12
B43_SSB,12
B43_BUSES_BCMA_AND_SSB,12
B43_PCI_AUTOSELECT,12
B43_PCICORE_AUTOSELECT,12
B43_SDIO,12
B43_BCMA_PIO,12
B43_PIO,12
B43_PHY_G,12
B43_PHY_N,12
B43_PHY_LP,12
B43_PHY_HT,12
B43_LEDS,12
B43_HWRNG,12
B43LEGACY,12
B43LEGACY_PCI_AUTOSELECT,12
B43LEGACY_PCICORE_AUTOSELECT,12
B43LEGACY_LEDS,12
B43LEGACY_HWRNG,12
B43LEGACY_DEBUG,10
B43LEGACY_DMA,12
B43LEGACY_PIO,12
B43LEGACY_DMA_AND_PIO_MODE,12
BRCMUTIL,12
BRCMSMAC,12
BRCMSMAC_LEDS,6
BRCMFMAC,12
BRCMFMAC_PROTO_BCDC,12
BRCMFMAC_PROTO_MSGBUF,12
BRCMFMAC_SDIO,12
BRCMFMAC_USB,12
BRCMFMAC_PCIE,12
BRCM_TRACING,4
BRCMDBG,4
WLAN_VENDOR_INTEL,12
IPW2100,4
IPW2100_MONITOR,4
IPW2200,10
IPW2200_MONITOR,10
IPW2200_RADIOTAP,10
IPW2200_PROMISCUOUS,10
IPW2200_QOS,10
LIBIPW,10
IWLEGACY,12
IWL4965,12
IWL3945,12
IWLEGACY_DEBUG,6
IWLEGACY_DEBUGFS,6
IWLWIFI,12
IWLWIFI_LEDS,12
IWLDVM,12
IWLMVM,12
IWLMLD,6
IWLWIFI_OPMODE_MODULAR,12
IWLWIFI_DEBUG,6
IWLWIFI_DEBUGFS,6
IWLWIFI_DEVICE_TRACING,4
WLAN_VENDOR_INTERSIL,10
P54_COMMON,10
P54_USB,10
P54_PCI,10
P54_SPI,4
P54_LEDS,10
WLAN_VENDOR_MARVELL,12
LIBERTAS,10
LIBERTAS_USB,10
LIBERTAS_SDIO,10
LIBERTAS_SPI,4
LIBERTAS_MESH,10
LIBERTAS_THINFIRM,12
LIBERTAS_THINFIRM_USB,12
MWIFIEX,12
MWIFIEX_SDIO,12
MWIFIEX_PCIE,12
MWIFIEX_USB,12
MWL8K,12
WLAN_VENDOR_MEDIATEK,12
MT7601U,12
MT76_CORE,12
MT76_LEDS,12
MT76_USB,12
MT76_SDIO,6
MT76x02_LIB,12
MT76x02_USB,12
MT76_CONNAC_LIB,10
MT792x_LIB,6
MT792x_USB,6
MT76x0_COMMON,12
MT76x0U,12
MT76x0E,12
MT76x2_COMMON,12
MT76x2E,12
MT76x2U,12
MT7603E,6
MT7615_COMMON,10
MT7615E,10
MT7663_USB_SDIO_COMMON,10
MT7663U,10
MT7663S,6
MT7915E,10
MT7921_COMMON,10
MT7921E,10
MT7921S,6
MT7921U,10
MT7996E,6
MT7925_COMMON,6
MT7925E,6
MT7925U,6
WLAN_VENDOR_MICROCHIP,12
WILC1000,4
WILC1000_SDIO,4
WILC1000_SPI,4
WLAN_VENDOR_PURELIFI,8
PLFXLC,4
WLAN_VENDOR_RALINK,12
RT2X00,12
RT2400PCI,12
RT2500PCI,12
RT61PCI,12
RT2800PCI,12
RT2800PCI_RT33XX,12
RT2800PCI_RT35XX,12
RT2800PCI_RT53XX,12
RT2800PCI_RT3290,12
RT2500USB,12
RT73USB,12
RT2800USB,12
RT2800USB_RT33XX,12
RT2800USB_RT35XX,12
RT2800USB_RT3573,12
RT2800USB_RT53XX,12
RT2800USB_RT55XX,12
RT2800USB_UNKNOWN,6
RT2800_LIB,12
RT2800_LIB_MMIO,12
RT2X00_LIB_MMIO,12
RT2X00_LIB_PCI,12
RT2X00_LIB_USB,12
RT2X00_LIB,12
RT2X00_LIB_FIRMWARE,12
RT2X00_LIB_CRYPTO,12
RT2X00_LIB_LEDS,12
RT2X00_LIB_DEBUGFS,6
WLAN_VENDOR_REALTEK,12
RTL8180,12
RTL8187,12
RTL8187_LEDS,12
RTL_CARDS,12
RTL8192CE,12
RTL8192SE,12
RTL8192DE,12
RTL8723AE,12
RTL8723BE,12
RTL8188EE,12
RTL8192EE,12
RTL8821AE,12
RTL8192CU,10
RTL8192DU,6
RTLWIFI,12
RTLWIFI_PCI,12
RTLWIFI_USB,12
RTLWIFI_DEBUG,4
RTL8192C_COMMON,12
RTL8192D_COMMON,6
RTL8723_COMMON,12
RTLBTCOEXIST,12
RTL8XXXU,12
RTL8XXXU_UNTESTED,6
RTW88,12
RTW88_CORE,12
RTW88_PCI,12
RTW88_SDIO,6
RTW88_USB,6
RTW88_8822B,12
RTW88_8822C,12
RTW88_8723X,6
RTW88_8703B,6
RTW88_8723D,12
RTW88_8821C,12
RTW88_88XXA,6
RTW88_8821A,6
RTW88_8812A,6
RTW88_8814A,6
RTW88_8822BE,12
RTW88_8822BS,6
RTW88_8822BU,6
RTW88_8822CE,12
RTW88_8822CS,6
RTW88_8822CU,6
RTW88_8723DE,12
RTW88_8723DS,6
RTW88_8723CS,6
RTW88_8723DU,6
RTW88_8821CE,12
RTW88_8821CS,6
RTW88_8821CU,6
RTW88_8821AU,6
RTW88_8812AU,6
RTW88_8814AE,6
RTW88_8814AU,6
RTW88_DEBUG,4
RTW88_DEBUGFS,4
RTW88_LEDS,6
RTW89,10
RTW89_CORE,10
RTW89_PCI,10
RTW89_USB,6
RTW89_8851B,6
RTW89_8852A,10
RTW89_8852B_COMMON,6
RTW89_8852B,6
RTW89_8852BT,6
RTW89_8852C,6
RTW89_8922A,6
RTW89_8851BE,6
RTW89_8851BU,6
RTW89_8852AE,10
RTW89_8852BE,6
RTW89_8852BU,6
RTW89_8852BTE,6
RTW89_8852CE,6
RTW89_8922AE,6
RTW89_DEBUG,4
RTW89_DEBUGMSG,4
RTW89_DEBUGFS,4
WLAN_VENDOR_RSI,12
RSI_91X,12
RSI_DEBUGFS,12
RSI_SDIO,6
RSI_USB,12
RSI_COEX,12
WLAN_VENDOR_SILABS,8
WFX,4
WLAN_VENDOR_ST,12
CW1200,6
CW1200_WLAN_SDIO,6
CW1200_WLAN_SPI,6
WLAN_VENDOR_TI,6
WL1251,6
WL1251_SPI,6
WL1251_SDIO,6
WL12XX,6
WL18XX,6
WLCORE,6
WLCORE_SDIO,6
WLAN_VENDOR_ZYDAS,12
ZD1211RW,12
WLAN_VENDOR_QUANTENNA,12
QTNFMAC,6
QTNFMAC_PCIE,6
MAC80211_HWSIM,12
VIRT_WIFI,6
IEEE802154_DRIVERS,12
IEEE802154_FAKELB,12
IEEE802154_AT86RF230,12
IEEE802154_MRF24J40,12
IEEE802154_CC2520,12
IEEE802154_ATUSB,12
IEEE802154_ADF7242,12
IEEE802154_CA8210,6
IEEE802154_MCR20A,6
IEEE802154_HWSIM,10
WWAN,10
WWAN_DEBUGFS,10
WWAN_HWSIM,6
MHI_WWAN_CTRL,10
MHI_WWAN_MBIM,10
RPMSG_WWAN_CTRL,4
IOSM,10
MTK_T7XX,6
XEN_NETDEV_FRONTEND,12
XEN_NETDEV_BACKEND,12
VMXNET3,12
FUJITSU_ES,12
USB4_NET,12
HYPERV_NET,12
NETDEVSIM,6
NET_FAILOVER,12
ISDN,10
ISDN_CAPI,10
MISDN,10
MISDN_DSP,10
MISDN_L1OIP,10
MISDN_HFCPCI,10
MISDN_HFCMULTI,10
MISDN_HFCUSB,10
MISDN_AVMFRITZ,10
MISDN_SPEEDFAX,10
MISDN_INFINEON,10
MISDN_W6692,10
MISDN_NETJET,4
MISDN_HDLC,4
MISDN_IPAC,10
MISDN_ISAR,10
INPUT,12
INPUT_LEDS,12
INPUT_FF_MEMLESS,12
INPUT_SPARSEKMAP,12
INPUT_MATRIXKMAP,12
INPUT_VIVALDIFMAP,10
INPUT_MOUSEDEV,12
INPUT_MOUSEDEV_PSAUX,10
INPUT_MOUSEDEV_SCREEN_X,12
INPUT_MOUSEDEV_SCREEN_Y,12
INPUT_JOYDEV,12
INPUT_EVDEV,12
INPUT_KEYBOARD,12
KEYBOARD_ADC,4
KEYBOARD_ADP5520,4
KEYBOARD_ADP5588,10
KEYBOARD_APPLESPI,12
KEYBOARD_ATKBD,12
KEYBOARD_QT1050,6
KEYBOARD_QT1070,6
KEYBOARD_QT2160,10
KEYBOARD_DLINK_DIR685,4
KEYBOARD_LKKBD,10
KEYBOARD_GPIO,12
KEYBOARD_GPIO_POLLED,12
KEYBOARD_TCA8418,4
KEYBOARD_MATRIX,4
KEYBOARD_LM8323,10
KEYBOARD_LM8333,4
KEYBOARD_MAX7359,10
KEYBOARD_MAX7360,4
KEYBOARD_MPR121,4
KEYBOARD_NEWTON,10
KEYBOARD_OPENCORES,10
KEYBOARD_PINEPHONE,4
KEYBOARD_SAMSUNG,4
KEYBOARD_STOWAWAY,10
KEYBOARD_SUNKBD,10
KEYBOARD_IQS62X,4
KEYBOARD_TM2_TOUCHKEY,6
KEYBOARD_TWL4030,4
KEYBOARD_XTKBD,10
KEYBOARD_CROS_EC,6
KEYBOARD_MTK_PMIC,4
KEYBOARD_CYPRESS_SF,6
INPUT_MOUSE,12
MOUSE_PS2,12
MOUSE_PS2_ALPS,12
MOUSE_PS2_BYD,12
MOUSE_PS2_LOGIPS2PP,12
MOUSE_PS2_SYNAPTICS,12
MOUSE_PS2_SYNAPTICS_SMBUS,12
MOUSE_PS2_CYPRESS,12
MOUSE_PS2_LIFEBOOK,12
MOUSE_PS2_TRACKPOINT,12
MOUSE_PS2_ELANTECH,12
MOUSE_PS2_ELANTECH_SMBUS,12
MOUSE_PS2_SENTELIC,12
MOUSE_PS2_TOUCHKIT,4
MOUSE_PS2_FOCALTECH,12
MOUSE_PS2_VMMOUSE,12
MOUSE_PS2_SMBUS,12
MOUSE_SERIAL,12
MOUSE_APPLETOUCH,12
MOUSE_BCM5974,12
MOUSE_CYAPA,12
MOUSE_ELAN_I2C,12
MOUSE_ELAN_I2C_I2C,12
MOUSE_ELAN_I2C_SMBUS,12
MOUSE_VSXXXAA,12
MOUSE_GPIO,4
MOUSE_SYNAPTICS_I2C,12
MOUSE_SYNAPTICS_USB,12
INPUT_JOYSTICK,12
JOYSTICK_ANALOG,12
JOYSTICK_A3D,12
JOYSTICK_ADC,6
JOYSTICK_ADI,12
JOYSTICK_COBRA,12
JOYSTICK_GF2K,12
JOYSTICK_GRIP,12
JOYSTICK_GRIP_MP,12
JOYSTICK_GUILLEMOT,12
JOYSTICK_INTERACT,12
JOYSTICK_SIDEWINDER,12
JOYSTICK_TMDC,12
JOYSTICK_IFORCE,12
JOYSTICK_IFORCE_USB,12
JOYSTICK_IFORCE_232,12
JOYSTICK_WARRIOR,12
JOYSTICK_MAGELLAN,12
JOYSTICK_SPACEORB,12
JOYSTICK_SPACEBALL,12
JOYSTICK_STINGER,12
JOYSTICK_TWIDJOY,12
JOYSTICK_ZHENHUA,12
JOYSTICK_DB9,12
JOYSTICK_GAMECON,12
JOYSTICK_TURBOGRAFX,12
JOYSTICK_AS5011,4
JOYSTICK_JOYDUMP,12
JOYSTICK_XPAD,12
JOYSTICK_XPAD_FF,12
JOYSTICK_XPAD_LEDS,12
JOYSTICK_WALKERA0701,12
JOYSTICK_PSXPAD_SPI,6
JOYSTICK_PSXPAD_SPI_FF,6
JOYSTICK_PXRC,12
JOYSTICK_QWIIC,6
JOYSTICK_FSIA6B,4
JOYSTICK_SENSEHAT,4
JOYSTICK_SEESAW,4
INPUT_TABLET,12
TABLET_USB_ACECAD,12
TABLET_USB_AIPTEK,12
TABLET_USB_HANWANG,12
TABLET_USB_KBTAB,12
TABLET_USB_PEGASUS,12
TABLET_SERIAL_WACOM4,12
INPUT_TOUCHSCREEN,12
TOUCHSCREEN_88PM860X,4
TOUCHSCREEN_ADS7846,10
TOUCHSCREEN_AD7877,10
TOUCHSCREEN_AD7879,10
TOUCHSCREEN_AD7879_I2C,10
TOUCHSCREEN_AD7879_SPI,4
TOUCHSCREEN_ADC,4
TOUCHSCREEN_ATMEL_MXT,12
TOUCHSCREEN_ATMEL_MXT_T37,4
TOUCHSCREEN_AUO_PIXCIR,6
TOUCHSCREEN_BU21013,4
TOUCHSCREEN_BU21029,4
TOUCHSCREEN_CHIPONE_ICN8505,6
TOUCHSCREEN_CY8CTMA140,6
TOUCHSCREEN_CY8CTMG110,4
TOUCHSCREEN_CYTTSP_CORE,4
TOUCHSCREEN_CYTTSP_I2C,4
TOUCHSCREEN_CYTTSP_SPI,4
TOUCHSCREEN_CYTTSP5,6
TOUCHSCREEN_DA9034,4
TOUCHSCREEN_DA9052,4
TOUCHSCREEN_DYNAPRO,12
TOUCHSCREEN_HAMPSHIRE,10
TOUCHSCREEN_EETI,12
TOUCHSCREEN_EGALAX_SERIAL,6
TOUCHSCREEN_EXC3000,4
TOUCHSCREEN_FUJITSU,12
TOUCHSCREEN_GOODIX,12
TOUCHSCREEN_GOODIX_BERLIN_CORE,4
TOUCHSCREEN_GOODIX_BERLIN_I2C,4
TOUCHSCREEN_GOODIX_BERLIN_SPI,4
TOUCHSCREEN_HIDEEP,4
TOUCHSCREEN_HIMAX_HX852X,6
TOUCHSCREEN_HYCON_HY46XX,6
TOUCHSCREEN_HYNITRON_CSTXXX,6
TOUCHSCREEN_HYNITRON_CST816X,6
TOUCHSCREEN_ILI210X,6
TOUCHSCREEN_ILITEK,6
TOUCHSCREEN_S6SY761,4
TOUCHSCREEN_GUNZE,12
TOUCHSCREEN_EKTF2127,4
TOUCHSCREEN_ELAN,6
TOUCHSCREEN_ELO,12
TOUCHSCREEN_WACOM_W8001,12
TOUCHSCREEN_WACOM_I2C,6
TOUCHSCREEN_MAX11801,4
TOUCHSCREEN_MMS114,6
TOUCHSCREEN_MELFAS_MIP4,4
TOUCHSCREEN_MSG2638,6
TOUCHSCREEN_MTOUCH,12
TOUCHSCREEN_NOVATEK_NVT_TS,6
TOUCHSCREEN_IMAGIS,6
TOUCHSCREEN_INEXIO,12
TOUCHSCREEN_PENMOUNT,12
TOUCHSCREEN_EDT_FT5X06,6
TOUCHSCREEN_TOUCHRIGHT,12
TOUCHSCREEN_TOUCHWIN,12
TOUCHSCREEN_PIXCIR,6
TOUCHSCREEN_WDT87XX_I2C,4
TOUCHSCREEN_WM831X,4
TOUCHSCREEN_WM97XX,10
TOUCHSCREEN_WM9705,10
TOUCHSCREEN_WM9712,10
TOUCHSCREEN_WM9713,10
TOUCHSCREEN_USB_COMPOSITE,12
TOUCHSCREEN_MC13783,4
TOUCHSCREEN_USB_EGALAX,12
TOUCHSCREEN_USB_PANJIT,12
TOUCHSCREEN_USB_3M,12
TOUCHSCREEN_USB_ITM,12
TOUCHSCREEN_USB_ETURBO,12
TOUCHSCREEN_USB_GUNZE,12
TOUCHSCREEN_USB_DMC_TSC10,12
TOUCHSCREEN_USB_IRTOUCH,12
TOUCHSCREEN_USB_IDEALTEK,12
TOUCHSCREEN_USB_GENERAL_TOUCH,12
TOUCHSCREEN_USB_GOTOP,12
TOUCHSCREEN_USB_JASTEC,12
TOUCHSCREEN_USB_ELO,12
TOUCHSCREEN_USB_E2I,12
TOUCHSCREEN_USB_ZYTRONIC,12
TOUCHSCREEN_USB_ETT_TC45USB,12
TOUCHSCREEN_USB_NEXIO,12
TOUCHSCREEN_USB_EASYTOUCH,12
TOUCHSCREEN_TOUCHIT213,12
TOUCHSCREEN_TSC_SERIO,12
TOUCHSCREEN_TSC200X_CORE,4
TOUCHSCREEN_TSC2004,4
TOUCHSCREEN_TSC2005,4
TOUCHSCREEN_TSC2007,12
TOUCHSCREEN_TSC2007_IIO,6
TOUCHSCREEN_PCAP,4
TOUCHSCREEN_RM_TS,6
TOUCHSCREEN_SILEAD,10
TOUCHSCREEN_SIS_I2C,6
TOUCHSCREEN_ST1232,6
TOUCHSCREEN_STMFTS,4
TOUCHSCREEN_SUR40,10
TOUCHSCREEN_SURFACE3_SPI,12
TOUCHSCREEN_SX8654,4
TOUCHSCREEN_TPS6507X,10
TOUCHSCREEN_ZET6223,6
TOUCHSCREEN_ZFORCE,6
TOUCHSCREEN_COLIBRI_VF50,6
TOUCHSCREEN_ROHM_BU21023,4
TOUCHSCREEN_IQS5XX,6
TOUCHSCREEN_IQS7211,6
TOUCHSCREEN_ZINITIX,6
TOUCHSCREEN_HIMAX_HX83112B,6
INPUT_MISC,12
INPUT_88PM860X_ONKEY,4
INPUT_88PM80X_ONKEY,4
INPUT_AD714X,4
INPUT_AD714X_I2C,4
INPUT_AD714X_SPI,4
INPUT_ARIZONA_HAPTICS,4
INPUT_ATC260X_ONKEY,4
INPUT_AW86927,4
INPUT_BMA150,4
INPUT_E3X0_BUTTON,6
INPUT_PCSPKR,12
INPUT_MAX7360_ROTARY,4
INPUT_MAX77693_HAPTIC,6
INPUT_MAX8925_ONKEY,4
INPUT_MAX8997_HAPTIC,4
INPUT_MC13783_PWRBUTTON,4
INPUT_MMA8450,4
INPUT_APANEL,12
INPUT_GPIO_BEEPER,6
INPUT_GPIO_DECODER,4
INPUT_GPIO_VIBRA,6
INPUT_ATLAS_BTNS,12
INPUT_ATI_REMOTE2,12
INPUT_KEYSPAN_REMOTE,12
INPUT_KXTJ9,6
INPUT_POWERMATE,12
INPUT_YEALINK,12
INPUT_CM109,12
INPUT_REGULATOR_HAPTIC,4
INPUT_RETU_PWRBUTTON,4
INPUT_TPS6594_PWRBUTTON,6
INPUT_AXP20X_PEK,12
INPUT_TWL4030_PWRBUTTON,4
INPUT_TWL4030_VIBRA,4
INPUT_TWL6040_VIBRA,4
INPUT_UINPUT,12
INPUT_PALMAS_PWRBUTTON,4
INPUT_PCF8574,4
INPUT_PWM_BEEPER,6
INPUT_PWM_VIBRA,4
INPUT_GPIO_ROTARY_ENCODER,6
INPUT_DA7280_HAPTICS,4
INPUT_DA9052_ONKEY,4
INPUT_DA9055_ONKEY,4
INPUT_DA9063_ONKEY,4
INPUT_WM831X_ON,4
INPUT_PCAP,4
INPUT_ADXL34X,4
INPUT_ADXL34X_I2C,4
INPUT_ADXL34X_SPI,4
INPUT_IBM_PANEL,4
INPUT_IMS_PCU,4
INPUT_IQS269A,6
INPUT_IQS626A,6
INPUT_IQS7222,6
INPUT_CMA3000,6
INPUT_CMA3000_I2C,6
INPUT_XEN_KBDDEV_FRONTEND,12
INPUT_IDEAPAD_SLIDEBAR,12
INPUT_SOC_BUTTON_ARRAY,12
INPUT_DRV260X_HAPTICS,4
INPUT_DRV2665_HAPTICS,4
INPUT_DRV2667_HAPTICS,4
INPUT_QNAP_MCU,6
INPUT_RAVE_SP_PWRBUTTON,4
INPUT_RT5120_PWRKEY,6
RMI4_CORE,12
RMI4_I2C,6
RMI4_SPI,6
RMI4_SMB,12
RMI4_F03,12
RMI4_F03_SERIO,12
RMI4_2D_SENSOR,12
RMI4_F11,12
RMI4_F12,12
RMI4_F1A,6
RMI4_F21,6
RMI4_F30,12
RMI4_F34,12
RMI4_F3A,12
RMI4_F55,12
SERIO,12
ARCH_MIGHT_HAVE_PC_SERIO,12
SERIO_I8042,12
SERIO_SERPORT,12
SERIO_CT82C710,10
SERIO_PARKBD,10
SERIO_PCIPS2,10
SERIO_LIBPS2,12
SERIO_RAW,12
SERIO_ALTERA_PS2,12
SERIO_PS2MULT,4
SERIO_ARC_PS2,6
HYPERV_KEYBOARD,12
SERIO_GPIO_PS2,4
USERIO,4
GAMEPORT,12
GAMEPORT_EMU10K1,12
GAMEPORT_FM801,12
TTY,12
VT,12
CONSOLE_TRANSLATIONS,12
VT_CONSOLE,12
VT_CONSOLE_SLEEP,12
VT_HW_CONSOLE_BINDING,12
UNIX98_PTYS,12
LDISC_AUTOLOAD,12
SERIAL_EARLYCON,12
SERIAL_8250,12
SERIAL_8250_PNP,12
SERIAL_8250_FINTEK,10
SERIAL_8250_CONSOLE,12
SERIAL_8250_DMA,12
SERIAL_8250_PCILIB,6
SERIAL_8250_PCI,12
SERIAL_8250_EXAR,12
SERIAL_8250_CS,12
SERIAL_8250_MEN_MCB,4
SERIAL_8250_NR_UARTS,12
SERIAL_8250_RUNTIME_UARTS,12
SERIAL_8250_EXTENDED,12
SERIAL_8250_MANY_PORTS,12
SERIAL_8250_PCI1XXXX,6
SERIAL_8250_SHARE_IRQ,12
SERIAL_8250_RSA,12
SERIAL_8250_DWLIB,12
SERIAL_8250_DFL,6
SERIAL_8250_DW,12
SERIAL_8250_RT288X,6
SERIAL_8250_LPSS,12
SERIAL_8250_MID,12
SERIAL_8250_PERICOM,10
SERIAL_8250_NI,4
SERIAL_MAX3100,4
SERIAL_MAX310X,4
SERIAL_UARTLITE,4
SERIAL_UARTLITE_NR_UARTS,4
SERIAL_CORE,12
SERIAL_CORE_CONSOLE,12
SERIAL_JSM,12
SERIAL_SCCNXP,4
SERIAL_SC16IS7XX,6
SERIAL_SC16IS7XX_I2C,6
SERIAL_SC16IS7XX_SPI,6
SERIAL_ALTERA_JTAGUART,4
SERIAL_ALTERA_UART,4
SERIAL_ALTERA_UART_MAXPORTS,4
SERIAL_ALTERA_UART_BAUDRATE,4
SERIAL_ARC,6
SERIAL_ARC_NR_PORTS,6
SERIAL_RP2,10
SERIAL_RP2_NR_UARTS,10
SERIAL_FSL_LPUART,4
SERIAL_FSL_LINFLEXUART,4
SERIAL_MEN_Z135,4
SERIAL_SPRD,4
SERIAL_MCTRL_GPIO,12
SERIAL_NONSTANDARD,12
MOXA_INTELLIO,10
MOXA_SMARTIO,10
N_HDLC,12
IPWIRELESS,12
NOZOMI,12
NULL_TTY,6
HVC_DRIVER,12
HVC_IRQ,12
HVC_XEN,12
HVC_XEN_FRONTEND,12
RPMSG_TTY,4
SERIAL_DEV_BUS,12
SERIAL_DEV_CTRL_TTYPORT,12
PRINTER,12
LP_CONSOLE,6
PPDEV,12
VIRTIO_CONSOLE,12
IPMI_HANDLER,12
IPMI_DMI_DECODE,12
IPMI_PLAT_DATA,12
IPMI_DEVICE_INTERFACE,12
IPMI_SI,12
IPMI_SSIF,12
IPMI_IPMB,6
IPMI_WATCHDOG,12
IPMI_POWEROFF,12
SSIF_IPMI_BMC,6
IPMB_DEVICE_INTERFACE,4
HW_RANDOM,12
HW_RANDOM_TIMERIOMEM,6
HW_RANDOM_INTEL,12
HW_RANDOM_AMD,12
HW_RANDOM_BA431,4
HW_RANDOM_VIA,12
HW_RANDOM_VIRTIO,12
HW_RANDOM_XIPHERA,6
APPLICOM,10
MWAVE,12
DEVMEM,12
NVRAM,12
DEVPORT,12
HPET,12
HANGCHECK_TIMER,12
TCG_TPM,12
TCG_TPM2_HMAC,6
HW_RANDOM_TPM,12
TCG_TIS_CORE,12
TCG_TIS,12
TCG_TIS_SPI,12
TCG_TIS_SPI_CR50,10
TCG_TIS_I2C,6
TCG_TIS_I2C_CR50,10
TCG_TIS_I2C_ATMEL,12
TCG_TIS_I2C_INFINEON,12
TCG_TIS_I2C_NUVOTON,12
TCG_NSC,12
TCG_ATMEL,12
TCG_INFINEON,12
TCG_XEN,10
TCG_CRB,12
TCG_VTPM_PROXY,12
TCG_SVSM,6
TCG_TIS_ST33ZP24,10
TCG_TIS_ST33ZP24_I2C,10
TCG_TIS_ST33ZP24_SPI,4
TELCLOCK,12
XILLYBUS_CLASS,6
XILLYBUS,6
XILLYBUS_PCIE,6
XILLYUSB,6
I2C,12
ACPI_I2C_OPREGION,12
I2C_BOARDINFO,12
I2C_CHARDEV,12
I2C_MUX,12
I2C_MUX_GPIO,4
I2C_MUX_LTC4306,6
I2C_MUX_PCA9541,4
I2C_MUX_PCA954x,6
I2C_MUX_REG,4
I2C_MUX_MLXCPLD,6
I2C_ATR,6
I2C_HELPER_AUTO,12
I2C_SMBUS,12
I2C_ALGOBIT,12
I2C_ALGOPCA,12
I2C_CCGX_UCSI,10
I2C_ALI1535,10
I2C_ALI1563,10
I2C_ALI15X3,10
I2C_AMD756,12
I2C_AMD8111,12
I2C_AMD_MP2,12
I2C_AMD_ASF,6
I2C_I801,12
I2C_I801_MUX,4
I2C_ISCH,12
I2C_ISMT,12
I2C_PIIX4,12
I2C_CHT_WC,12
I2C_NFORCE2,12
I2C_NVIDIA_GPU,6
I2C_SIS5595,10
I2C_SIS630,10
I2C_SIS96X,12
I2C_VIA,12
I2C_VIAPRO,12
I2C_ZHAOXIN,6
I2C_SCMI,12
I2C_CBUS_GPIO,4
I2C_CGBC,6
I2C_DESIGNWARE_CORE,12
I2C_DESIGNWARE_SLAVE,6
I2C_DESIGNWARE_PLATFORM,12
I2C_DESIGNWARE_AMDISP,6
I2C_DESIGNWARE_BAYTRAIL,12
I2C_DESIGNWARE_PCI,12
I2C_EMEV2,4
I2C_GPIO,4
I2C_KEBA,4
I2C_KEMPLD,10
I2C_OCORES,10
I2C_PCA_PLATFORM,12
I2C_SIMTEC,12
I2C_XILINX,4
I2C_DIOLAN_U2C,12
I2C_DLN2,6
I2C_LJCA,6
I2C_NCT6694,4
I2C_USBIO,6
I2C_CP2615,6
I2C_PARPORT,12
I2C_PCI1XXXX,6
I2C_ROBOTFUZZ_OSIF,10
I2C_TAOS_EVM,10
I2C_TINY_USB,12
I2C_VIPERBOARD,10
I2C_MLXCPLD,6
I2C_CROS_EC_TUNNEL,6
I2C_VIRTIO,6
I2C_STUB,12
I2C_SLAVE,6
I2C_SLAVE_EEPROM,6
I2C_SLAVE_TESTUNIT,4
SPI,12
SPI_MASTER,12
SPI_MEM,12
SPI_OFFLOAD,6
SPI_ALTERA,4
SPI_ALTERA_CORE,6
SPI_ALTERA_DFL,6
SPI_AXI_SPI_ENGINE,4
SPI_BITBANG,10
SPI_BUTTERFLY,10
SPI_CADENCE,4
SPI_CH341,6
SPI_CS42L43,6
SPI_DESIGNWARE,4
SPI_DW_DMA,4
SPI_DW_PCI,4
SPI_DW_MMIO,4
SPI_DLN2,6
SPI_GPIO,4
SPI_INTEL,6
SPI_INTEL_PCI,6
SPI_INTEL_PLATFORM,4
SPI_KSPI2,4
SPI_LM70_LLP,10
SPI_LJCA,6
SPI_MICROCHIP_CORE_QSPI,6
SPI_OC_TINY,4
SPI_PCI1XXXX,6
SPI_PXA2XX,12
SPI_PXA2XX_PCI,12
SPI_SC18IS602,4
SPI_SIFIVE,4
SPI_MXIC,4
SPI_VIRTIO,6
SPI_XCOMM,4
SPI_XILINX,4
SPI_ZYNQMP_GQSPI,4
SPI_AMD,6
SPI_MUX,6
SPI_SPIDEV,12
SPI_LOOPBACK_TEST,4
SPI_TLE62X0,4
SPI_SLAVE,4
SPI_SLAVE_TIME,4
SPI_SLAVE_SYSTEM_CONTROL,4
SPI_DYNAMIC,12
SPI_OFFLOAD_TRIGGER_ADI_UTIL_SD,4
SPI_OFFLOAD_TRIGGER_PWM,6
PPS,12
PPS_CLIENT_KTIMER,4
PPS_CLIENT_LDISC,12
PPS_CLIENT_PARPORT,12
PPS_CLIENT_GPIO,6
PPS_GENERATOR,6
PPS_GENERATOR_TIO,6
PTP_1588_CLOCK,12
PTP_1588_CLOCK_OPTIONAL,10
DP83640_PHY,10
PTP_1588_CLOCK_INES,8
PTP_1588_CLOCK_KVM,12
PTP_1588_CLOCK_VMCLOCK,6
PTP_1588_CLOCK_IDT82P33,10
PTP_1588_CLOCK_IDTCM,10
PTP_1588_CLOCK_FC3W,6
PTP_1588_CLOCK_MOCK,6
PTP_1588_CLOCK_VMW,10
PTP_1588_CLOCK_OCP,8
PTP_DFL_TOD,6
PTP_NETC_V4_TIMER,4
DPLL,6
ZL3073X,6
ZL3073X_I2C,6
ZL3073X_SPI,6
PINCTRL,12
GENERIC_PINCTRL_GROUPS,6
PINMUX,12
GENERIC_PINMUX_FUNCTIONS,6
PINCONF,12
GENERIC_PINCONF,12
PINCTRL_AMD,12
PINCTRL_AMDISP,6
PINCTRL_CY8C95X0,6
PINCTRL_DA9062,4
PINCTRL_MAX7360,4
PINCTRL_MCP23S08_I2C,4
PINCTRL_MCP23S08_SPI,4
PINCTRL_MCP23S08,4
PINCTRL_SX150X,4
PINCTRL_UPBOARD,6
PINCTRL_CS42L43,6
PINCTRL_MADERA,4
PINCTRL_CS47L15,4
PINCTRL_CS47L35,4
PINCTRL_CS47L85,4
PINCTRL_CS47L90,4
PINCTRL_CS47L92,4
PINCTRL_BAYTRAIL,12
PINCTRL_CHERRYVIEW,12
PINCTRL_LYNXPOINT,6
PINCTRL_INTEL,12
PINCTRL_INTEL_PLATFORM,6
PINCTRL_ALDERLAKE,10
PINCTRL_BROXTON,12
PINCTRL_CANNONLAKE,12
PINCTRL_CEDARFORK,12
PINCTRL_DENVERTON,12
PINCTRL_ELKHARTLAKE,10
PINCTRL_EMMITSBURG,10
PINCTRL_GEMINILAKE,12
PINCTRL_ICELAKE,12
PINCTRL_JASPERLAKE,10
PINCTRL_LAKEFIELD,10
PINCTRL_LEWISBURG,12
PINCTRL_METEORLAKE,6
PINCTRL_METEORPOINT,6
PINCTRL_SUNRISEPOINT,12
PINCTRL_TIGERLAKE,12
GPIOLIB_LEGACY,6
GPIOLIB,12
GPIOLIB_FASTPATH_LIMIT,12
GPIO_ACPI,12
GPIOLIB_IRQCHIP,12
GPIO_CDEV,12
GPIO_CDEV_V1,12
GPIO_GENERIC,12
GPIO_REGMAP,6
GPIO_SWNODE_UNDEFINED,6
GPIO_MAX730X,4
GPIO_IDIO_16,6
GPIO_ALTERA,4
GPIO_AMDPT,12
GPIO_DWAPB,4
GPIO_EXAR,12
GPIO_GENERIC_PLATFORM,4
GPIO_GRANITERAPIDS,6
GPIO_ICH,6
GPIO_MB86S7X,4
GPIO_MENZ127,4
GPIO_SIOX,4
GPIO_TANGIER,6
GPIO_XILINX,4
GPIO_AMD_FCH,12
GPIO_VX855,4
GPIO_F7188X,8
GPIO_IT87,6
GPIO_SCH,4
GPIO_SCH311X,4
GPIO_WINBOND,4
GPIO_WS16C48,4
GPIO_FXL6408,6
GPIO_DS4520,6
GPIO_MAX7300,4
GPIO_MAX732X,4
GPIO_PCA953X,6
GPIO_PCA953X_IRQ,4
GPIO_PCA9570,6
GPIO_PCF857X,4
GPIO_TPIC2810,4
GPIO_ADP5520,4
GPIO_ARIZONA,6
GPIO_BD9571MWV,6
GPIO_CGBC,6
GPIO_CROS_EC,6
GPIO_CRYSTAL_COVE,6
GPIO_DA9052,4
GPIO_DA9055,4
GPIO_DLN2,6
GPIO_ELKHARTLAKE,6
GPIO_JANZ_TTL,4
GPIO_KEMPLD,10
GPIO_LJCA,6
GPIO_LP3943,4
GPIO_LP873X,4
GPIO_MADERA,4
GPIO_MAX7360,4
GPIO_NCT6694,4
GPIO_PALMAS,4
GPIO_RC5T583,4
GPIO_TPS65086,4
GPIO_TPS6586X,4
GPIO_TPS65910,4
GPIO_TPS65912,4
GPIO_TPS68470,6
GPIO_TQMX86,4
GPIO_TWL4030,4
GPIO_TWL6040,4
GPIO_WHISKEY_COVE,6
GPIO_WM831X,4
GPIO_WM8350,4
GPIO_WM8994,4
GPIO_AMD8111,4
GPIO_ML_IOH,10
GPIO_PCI_IDIO_16,12
GPIO_PCIE_IDIO_24,10
GPIO_RDC321X,4
GPIO_74X164,4
GPIO_MAX3191X,4
GPIO_MAX7301,4
GPIO_MC33880,4
GPIO_PISOSR,4
GPIO_XRA1403,4
GPIO_VIPERBOARD,10
GPIO_MPSSE,6
GPIO_USBIO,6
GPIO_AGGREGATOR,6
GPIO_LATCH,4
GPIO_MOCKUP,4
GPIO_VIRTIO,6
GPIO_SIM,6
DEV_SYNC_PROBE,6
W1,12
W1_CON,12
W1_MASTER_AMD_AXI,4
W1_MASTER_MATROX,4
W1_MASTER_DS2490,12
W1_MASTER_DS2482,12
W1_MASTER_GPIO,10
W1_MASTER_SGI,4
W1_MASTER_UART,6
W1_SLAVE_THERM,12
W1_SLAVE_SMEM,12
W1_SLAVE_DS2405,12
W1_SLAVE_DS2408,12
W1_SLAVE_DS2413,12
W1_SLAVE_DS2406,12
W1_SLAVE_DS2423,12
W1_SLAVE_DS2805,12
W1_SLAVE_DS2430,6
W1_SLAVE_DS2431,12
W1_SLAVE_DS2433,12
W1_SLAVE_DS2438,12
W1_SLAVE_DS250X,4
W1_SLAVE_DS2780,12
W1_SLAVE_DS2781,12
W1_SLAVE_DS28E04,12
W1_SLAVE_DS28E17,10
POWER_RESET,6
POWER_RESET_ATC260X,4
POWER_RESET_MT6323,4
POWER_RESET_RESTART,4
POWER_RESET_TPS65086,4
POWER_SEQUENCING,6
POWER_SUPPLY,12
POWER_SUPPLY_HWMON,12
ADC_BATTERY_HELPER,6
GENERIC_ADC_BATTERY,4
IP5XXX_POWER,4
MAX8925_POWER,4
WM831X_BACKUP,4
WM831X_POWER,4
WM8350_POWER,4
TEST_POWER,4
BATTERY_88PM860X,4
CHARGER_ADP5061,4
BATTERY_CHAGALL,4
BATTERY_CW2015,6
BATTERY_DS2760,10
BATTERY_DS2780,4
BATTERY_DS2781,4
BATTERY_DS2782,4
BATTERY_INTEL_DC_TI,6
BATTERY_SBS,10
CHARGER_SBS,4
MANAGER_SBS,4
BATTERY_BQ27XXX,12
BATTERY_BQ27XXX_I2C,6
BATTERY_BQ27XXX_HDQ,10
BATTERY_DA9030,4
BATTERY_DA9052,4
CHARGER_DA9150,4
BATTERY_DA9150,4
CHARGER_AXP20X,4
BATTERY_AXP20X,4
AXP20X_POWER,4
AXP288_CHARGER,10
AXP288_FUEL_GAUGE,12
BATTERY_MAX17040,4
BATTERY_MAX17042,12
BATTERY_MAX1720X,6
BATTERY_MAX1721X,4
BATTERY_TWL4030_MADC,4
CHARGER_88PM860X,4
BATTERY_RX51,4
CHARGER_ISP1704,4
CHARGER_MAX8903,4
CHARGER_TWL4030,4
CHARGER_TWL6030,4
CHARGER_LP8727,4
CHARGER_LP8788,4
CHARGER_GPIO,4
CHARGER_MANAGER,4
CHARGER_LT3651,6
CHARGER_LTC4162L,6
CHARGER_MAX14577,4
CHARGER_MAX77693,4
CHARGER_MAX77705,6
CHARGER_MAX77976,6
CHARGER_MAX8971,6
CHARGER_MAX8997,4
CHARGER_MAX8998,4
CHARGER_MP2629,4
CHARGER_MT6360,4
CHARGER_MT6370,4
CHARGER_BQ2415X,4
CHARGER_BQ24190,12
CHARGER_BQ24257,4
CHARGER_BQ24735,4
CHARGER_BQ2515X,6
CHARGER_BQ257XX,4
CHARGER_BQ25890,6
CHARGER_BQ25980,4
CHARGER_BQ256XX,6
CHARGER_SMB347,6
CHARGER_TPS65090,4
BATTERY_GAUGE_LTC2941,4
BATTERY_GOLDFISH,4
BATTERY_RT5033,6
CHARGER_RT5033,4
CHARGER_RT9455,4
CHARGER_RT9467,6
CHARGER_RT9471,6
CHARGER_CROS_USBPD,6
CHARGER_CROS_PCHG,10
CHARGER_CROS_CONTROL,6
FUEL_GAUGE_STC3117,6
CHARGER_BD99954,6
CHARGER_WILCO,4
BATTERY_SURFACE,10
CHARGER_SURFACE,10
BATTERY_UG3105,6
FUEL_GAUGE_MM8013,6
HWMON,12
HWMON_VID,12
SENSORS_ABITUGURU,12
SENSORS_ABITUGURU3,12
SENSORS_SMPRO,4
SENSORS_AD7314,6
SENSORS_AD7414,12
SENSORS_AD7418,12
SENSORS_ADM1025,12
SENSORS_ADM1026,12
SENSORS_ADM1029,12
SENSORS_ADM1031,12
SENSORS_ADM1177,4
SENSORS_ADM9240,12
SENSORS_ADT7X10,6
SENSORS_ADT7310,6
SENSORS_ADT7410,6
SENSORS_ADT7411,12
SENSORS_ADT7462,12
SENSORS_ADT7470,12
SENSORS_ADT7475,12
SENSORS_AHT10,4
SENSORS_AQUACOMPUTER_D5NEXT,10
SENSORS_AS370,4
SENSORS_ASC7621,12
SENSORS_ASUS_ROG_RYUJIN,6
SENSORS_AXI_FAN_CONTROL,6
SENSORS_K8TEMP,12
SENSORS_K10TEMP,12
SENSORS_KBATT,4
SENSORS_KFAN,4
SENSORS_FAM15H_POWER,12
SENSORS_APPLESMC,12
SENSORS_ASB100,12
SENSORS_ATXP1,12
SENSORS_CGBC,6
SENSORS_CHIPCAP2,6
SENSORS_CORSAIR_CPRO,10
SENSORS_CORSAIR_PSU,10
SENSORS_CROS_EC,6
SENSORS_DRIVETEMP,12
SENSORS_DS620,12
SENSORS_DS1621,12
SENSORS_DELL_SMM,12
I8K,10
SENSORS_DA9052_ADC,4
SENSORS_DA9055,4
SENSORS_I5K_AMB,12
SENSORS_F71805F,12
SENSORS_F71882FG,12
SENSORS_F75375S,12
SENSORS_MC13783_ADC,4
SENSORS_FSCHMD,12
SENSORS_FTSTEUTATES,12
SENSORS_GIGABYTE_WATERFORCE,6
SENSORS_GL518SM,12
SENSORS_GL520SM,12
SENSORS_GPD,6
SENSORS_G760A,12
SENSORS_G762,6
SENSORS_HIH6130,4
SENSORS_HS3001,6
SENSORS_HTU31,6
SENSORS_IBMAEM,12
SENSORS_IBMPEX,12
SENSORS_IIO_HWMON,4
SENSORS_I5500,12
SENSORS_CORETEMP,12
SENSORS_ISL28022,6
SENSORS_IT87,12
SENSORS_JC42,12
SENSORS_POWERZ,6
SENSORS_POWR1220,6
SENSORS_LENOVO_EC,6
SENSORS_LINEAGE,12
SENSORS_LTC2945,6
SENSORS_LTC2947,6
SENSORS_LTC2947_I2C,6
SENSORS_LTC2947_SPI,6
SENSORS_LTC2990,6
SENSORS_LTC2991,6
SENSORS_LTC2992,4
SENSORS_LTC4151,12
SENSORS_LTC4215,12
SENSORS_LTC4222,6
SENSORS_LTC4245,12
SENSORS_LTC4260,6
SENSORS_LTC4261,12
SENSORS_LTC4282,4
SENSORS_MAX1111,12
SENSORS_MAX127,4
SENSORS_MAX16065,12
SENSORS_MAX1619,12
SENSORS_MAX1668,12
SENSORS_MAX197,6
SENSORS_MAX31722,6
SENSORS_MAX31730,4
SENSORS_MAX31760,6
MAX31827,6
SENSORS_MAX6620,6
SENSORS_MAX6621,4
SENSORS_MAX6639,12
SENSORS_MAX6650,12
SENSORS_MAX6697,6
SENSORS_MAX31790,6
SENSORS_MAX77705,6
SENSORS_MC34VR500,6
SENSORS_MCP3021,6
SENSORS_MLXREG_FAN,6
SENSORS_TC654,6
SENSORS_TPS23861,4
SENSORS_MENF21BMC_HWMON,10
SENSORS_MR75203,6
SENSORS_ADCXX,12
SENSORS_LM63,12
SENSORS_LM70,12
SENSORS_LM73,12
SENSORS_LM75,12
SENSORS_LM77,12
SENSORS_LM78,12
SENSORS_LM80,12
SENSORS_LM83,12
SENSORS_LM85,12
SENSORS_LM87,12
SENSORS_LM90,12
SENSORS_LM92,12
SENSORS_LM93,12
SENSORS_LM95234,6
SENSORS_LM95241,12
SENSORS_LM95245,12
SENSORS_PC87360,12
SENSORS_PC87427,12
SENSORS_NTC_THERMISTOR,12
SENSORS_NCT6683,12
SENSORS_NCT6694,4
SENSORS_NCT6775_CORE,10
SENSORS_NCT6775,12
SENSORS_NCT6775_I2C,6
SENSORS_NCT7363,6
SENSORS_NCT7802,12
SENSORS_NCT7904,12
SENSORS_NPCM7XX,12
SENSORS_NZXT_KRAKEN2,6
SENSORS_NZXT_KRAKEN3,6
SENSORS_NZXT_SMART2,6
SENSORS_OCC_P8_I2C,4
SENSORS_OCC,4
SENSORS_PCF8591,12
PMBUS,6
SENSORS_PMBUS,6
SENSORS_ACBEL_FSG032,4
SENSORS_ADM1266,6
SENSORS_ADM1275,6
SENSORS_ADP1050,6
SENSORS_ADP1050_REGULATOR,4
SENSORS_BEL_PFE,6
SENSORS_BPA_RS600,6
SENSORS_CRPS,6
SENSORS_DELTA_AHE50DC_FAN,6
SENSORS_FSP_3Y,6
SENSORS_IBM_CFFPS,4
SENSORS_DPS920AB,6
SENSORS_INA233,6
SENSORS_INSPUR_IPSPS,4
SENSORS_IR35221,4
SENSORS_IR36021,4
SENSORS_IR38064,4
SENSORS_IR38064_REGULATOR,4
SENSORS_IRPS5401,4
SENSORS_ISL68137,4
SENSORS_LM25066,6
SENSORS_LM25066_REGULATOR,6
SENSORS_LT3074,6
SENSORS_LT3074_REGULATOR,6
SENSORS_LT7182S,6
SENSORS_LTC2978,6
SENSORS_LTC3815,6
SENSORS_LTC4286,4
SENSORS_MAX15301,4
SENSORS_MAX16064,6
SENSORS_MAX16601,4
SENSORS_MAX20730,4
SENSORS_MAX20751,6
SENSORS_MAX31785,4
SENSORS_MAX34440,6
SENSORS_MAX8688,6
SENSORS_MP2856,4
SENSORS_MP2869,6
SENSORS_MP2888,6
SENSORS_MP2891,6
SENSORS_MP29502,6
SENSORS_MP2975,6
SENSORS_MP2993,6
SENSORS_MP2975_REGULATOR,6
SENSORS_MP5023,6
SENSORS_MP5920,6
SENSORS_MP5990,4
SENSORS_MP9941,6
SENSORS_MPQ7932_REGULATOR,6
SENSORS_MPQ7932,6
SENSORS_MPQ8785,6
SENSORS_PIM4328,6
SENSORS_PLI1209BC,6
SENSORS_PLI1209BC_REGULATOR,6
SENSORS_PM6764TR,6
SENSORS_PXE1610,4
SENSORS_Q54SJ108A2,6
SENSORS_STPDDC60,4
SENSORS_TDA38640,6
SENSORS_TDA38640_REGULATOR,6
SENSORS_TPS25990,6
SENSORS_TPS25990_REGULATOR,6
SENSORS_TPS40422,6
SENSORS_TPS53679,6
SENSORS_TPS546D24,6
SENSORS_UCD9000,6
SENSORS_UCD9200,6
SENSORS_XDP710,6
SENSORS_XDPE152,6
SENSORS_XDPE122,4
SENSORS_XDPE122_REGULATOR,4
SENSORS_ZL6100,6
SENSORS_PT5161L,6
SENSORS_PWM_FAN,6
SENSORS_QNAP_MCU_HWMON,6
SENSORS_SBTSI,6
SENSORS_SHT15,6
SENSORS_SHT21,12
SENSORS_SHT3x,10
SENSORS_SHT4x,8
SENSORS_SHTC1,6
SENSORS_SIS5595,12
SENSORS_SY7636A,6
SENSORS_DME1737,12
SENSORS_EMC1403,12
SENSORS_EMC2103,10
SENSORS_EMC2305,6
SENSORS_EMC6W201,12
SENSORS_SMSC47M1,12
SENSORS_SMSC47M192,12
SENSORS_SMSC47B397,12
SENSORS_SCH56XX_COMMON,12
SENSORS_SCH5627,12
SENSORS_SCH5636,12
SENSORS_STTS751,4
SENSORS_SURFACE_FAN,6
SENSORS_SURFACE_TEMP,6
SENSORS_ADC128D818,6
SENSORS_ADS7828,12
SENSORS_ADS7871,12
SENSORS_AMC6821,12
SENSORS_INA209,6
SENSORS_INA2XX,6
SENSORS_INA238,6
SENSORS_INA3221,6
SENSORS_SPD5118,6
SENSORS_SPD5118_DETECT,6
SENSORS_TC74,6
SENSORS_THMC50,12
SENSORS_TMP102,12
SENSORS_TMP103,6
SENSORS_TMP108,6
SENSORS_TMP401,12
SENSORS_TMP421,12
SENSORS_TMP464,6
SENSORS_TMP513,6
SENSORS_VIA_CPUTEMP,12
SENSORS_VIA686A,12
SENSORS_VT1211,12
SENSORS_VT8231,12
SENSORS_W83773G,12
SENSORS_W83781D,12
SENSORS_W83791D,12
SENSORS_W83792D,12
SENSORS_W83793,12
SENSORS_W83795,12
SENSORS_W83L785TS,12
SENSORS_W83L786NG,12
SENSORS_W83627HF,12
SENSORS_W83627EHF,12
SENSORS_WM831X,4
SENSORS_WM8350,4
SENSORS_XGENE,4
SENSORS_INTEL_M10_BMC_HWMON,6
SENSORS_ACPI_POWER,12
SENSORS_ATK0110,12
SENSORS_ASUS_WMI,10
SENSORS_ASUS_EC,10
SENSORS_HP_WMI,6
THERMAL,12
THERMAL_NETLINK,10
THERMAL_CORE_TESTING,4
THERMAL_EMERGENCY_POWEROFF_DELAY_MS,4
THERMAL_HWMON,12
THERMAL_DEFAULT_GOV_STEP_WISE,12
THERMAL_GOV_FAIR_SHARE,12
THERMAL_GOV_STEP_WISE,12
THERMAL_GOV_BANG_BANG,12
THERMAL_GOV_USER_SPACE,12
THERMAL_GOV_POWER_ALLOCATOR,10
DEVFREQ_THERMAL,12
INTEL_POWERCLAMP,12
X86_THERMAL_VECTOR,12
INTEL_TCC,6
X86_PKG_TEMP_THERMAL,12
INTEL_SOC_DTS_IOSF_CORE,12
INTEL_SOC_DTS_THERMAL,12
INT340X_THERMAL,12
ACPI_THERMAL_REL,12
INT3406_THERMAL,12
PROC_THERMAL_MMIO_RAPL,12
INTEL_BXT_PMIC_THERMAL,6
INTEL_PCH_THERMAL,12
INTEL_TCC_COOLING,6
INTEL_HFI_THERMAL,10
GENERIC_ADC_THERMAL,4
WATCHDOG,12
WATCHDOG_CORE,12
WATCHDOG_HANDLE_BOOT_ENABLED,12
WATCHDOG_SYSFS,12
WATCHDOG_PRETIMEOUT_GOV,10
WATCHDOG_PRETIMEOUT_GOV_SEL,10
WATCHDOG_PRETIMEOUT_GOV_NOOP,10
WATCHDOG_PRETIMEOUT_GOV_PANIC,10
WATCHDOG_PRETIMEOUT_DEFAULT_GOV_PANIC,4
SOFT_WATCHDOG,12
CROS_EC_WATCHDOG,6
DA9052_WATCHDOG,4
DA9055_WATCHDOG,4
DA9063_WATCHDOG,4
DA9062_WATCHDOG,4
LENOVO_SE10_WDT,6
LENOVO_SE30_WDT,6
MENF21BMC_WATCHDOG,10
MENZ069_WATCHDOG,4
WDAT_WDT,12
WM831X_WATCHDOG,4
WM8350_WATCHDOG,4
XILINX_WATCHDOG,4
ZIIRAVE_WATCHDOG,4
RAVE_SP_WATCHDOG,4
MLX_WDT,6
CADENCE_WATCHDOG,4
DW_WATCHDOG,4
TWL4030_WATCHDOG,4
MAX63XX_WATCHDOG,4
NCT6694_WATCHDOG,4
RETU_WATCHDOG,4
ACQUIRE_WDT,10
ADVANTECH_WDT,10
ADVANTECH_EC_WDT,6
ALIM1535_WDT,12
ALIM7101_WDT,12
CGBC_WDT,6
EBC_C384_WDT,4
EXAR_WDT,6
F71808E_WDT,12
SP5100_TCO,12
SBC_FITPC2_WATCHDOG,12
EUROTECH_WDT,10
IB700_WDT,12
IBMASR,12
WAFER_WDT,10
I6300ESB_WDT,12
IE6XX_WDT,12
INTEL_OC_WATCHDOG,6
ITCO_WDT,12
ITCO_VENDOR_SUPPORT,12
IT8712F_WDT,12
IT87_WDT,12
HP_WATCHDOG,12
HPWDT_NMI_DECODING,12
KEMPLD_WDT,10
SC1200_WDT,10
PC87413_WDT,10
NV_TCO,12
60XX_WDT,10
SMSC_SCH311X_WDT,12
SMSC37B787_WDT,10
TQMX86_WDT,6
VIA_WDT,12
W83627HF_WDT,12
W83877F_WDT,12
W83977F_WDT,12
MACHZ_WDT,12
SBC_EPX_C3_WATCHDOG,10
INTEL_MEI_WDT,12
NI903X_WDT,10
NIC7018_WDT,12
SIEMENS_SIMATIC_IPC_WDT,8
MEN_A21_WDT,4
XEN_WDT,12
PCIPCWATCHDOG,12
WDTPCI,12
USBPCWATCHDOG,12
SSB_POSSIBLE,12
SSB,12
SSB_SPROM,12
SSB_BLOCKIO,12
SSB_PCIHOST_POSSIBLE,12
SSB_PCIHOST,12
SSB_B43_PCI_BRIDGE,12
SSB_PCMCIAHOST_POSSIBLE,12
SSB_PCMCIAHOST,12
SSB_SDIOHOST_POSSIBLE,12
SSB_SDIOHOST,12
SSB_DRIVER_PCICORE_POSSIBLE,12
SSB_DRIVER_PCICORE,12
SSB_DRIVER_GPIO,6
BCMA_POSSIBLE,12
BCMA,12
BCMA_BLOCKIO,12
BCMA_HOST_PCI_POSSIBLE,12
BCMA_HOST_PCI,12
BCMA_DRIVER_PCI,12
BCMA_DRIVER_GMAC_CMN,6
BCMA_DRIVER_GPIO,6
MFD_CORE,12
MFD_AS3711,4
MFD_SMPRO,4
PMIC_ADP5520,4
MFD_AAT2870_CORE,4
MFD_BCM590XX,4
MFD_BD9571MWV,6
MFD_AXP20X,12
MFD_AXP20X_I2C,12
MFD_CGBC,6
MFD_CROS_EC_DEV,10
MFD_CS40L50_CORE,6
MFD_CS40L50_I2C,6
MFD_CS40L50_SPI,6
MFD_CS42L43,6
MFD_CS42L43_I2C,6
MFD_CS42L43_SDW,6
MFD_MADERA,4
MFD_MADERA_I2C,4
MFD_MADERA_SPI,4
MFD_CS47L15,4
MFD_CS47L35,4
MFD_CS47L85,4
MFD_CS47L90,4
MFD_CS47L92,4
PMIC_DA903X,4
PMIC_DA9052,4
MFD_DA9052_SPI,4
MFD_DA9052_I2C,4
MFD_DA9055,4
MFD_DA9062,4
MFD_DA9063,4
MFD_DA9150,4
MFD_DLN2,6
MFD_MC13XXX,4
MFD_MC13XXX_SPI,4
MFD_MC13XXX_I2C,4
MFD_MP2629,4
MFD_INTEL_QUARK_I2C_GPIO,4
LPC_ICH,12
LPC_SCH,12
INTEL_SOC_PMIC,12
INTEL_SOC_PMIC_BXTWC,12
INTEL_SOC_PMIC_CHTWC,12
INTEL_SOC_PMIC_CHTDC_TI,12
INTEL_SOC_PMIC_MRFLD,6
MFD_INTEL_LPSS,12
MFD_INTEL_LPSS_ACPI,12
MFD_INTEL_LPSS_PCI,12
MFD_INTEL_PMC_BXT,12
MFD_IQS62X,4
MFD_JANZ_CMODIO,4
MFD_KEMPLD,10
MFD_88PM800,4
MFD_88PM805,4
MFD_88PM860X,4
MFD_MAX14577,4
MFD_MAX77541,4
MFD_MAX77693,4
MFD_MAX77705,6
MFD_MAX77843,4
MFD_MAX8907,4
MFD_MAX8925,4
MFD_MAX8997,4
MFD_MAX8998,4
MFD_MT6360,4
MFD_MT6370,4
MFD_MT6397,4
MFD_MENF21BMC,10
MFD_NCT6694,4
MFD_OCELOT,4
EZX_PCAP,4
MFD_VIPERBOARD,10
MFD_RETU,4
MFD_SY7636A,6
MFD_RDC321X,4
MFD_RT4831,6
MFD_RT5033,4
MFD_RT5120,6
MFD_RC5T583,4
MFD_SI476X_CORE,4
MFD_SIMPLE_MFD_I2C,6
MFD_SM501,6
MFD_SM501_GPIO,6
MFD_SKY81452,4
MFD_SYSCON,12
MFD_LP3943,4
MFD_LP8788,4
MFD_TI_LMU,4
MFD_BQ257XX,4
MFD_PALMAS,4
TPS6105X,4
TPS65010,4
TPS6507X,4
MFD_TPS65086,4
MFD_TPS65090,4
MFD_TI_LP873X,4
MFD_TPS6586X,4
MFD_TPS65910,4
MFD_TPS65912,4
MFD_TPS65912_I2C,4
MFD_TPS65912_SPI,4
MFD_TPS6594,6
MFD_TPS6594_I2C,6
MFD_TPS6594_SPI,4
TWL4030_CORE,4
MFD_TWL4030_AUDIO,4
TWL6040_CORE,4
MFD_WL1273_CORE,2
MFD_LM3533,4
MFD_TQMX86,4
MFD_VX855,6
MFD_ARIZONA,6
MFD_ARIZONA_I2C,4
MFD_ARIZONA_SPI,6
MFD_CS47L24,4
MFD_WM5102,6
MFD_WM5110,4
MFD_WM8997,4
MFD_WM8998,4
MFD_WM8400,4
MFD_WM831X,4
MFD_WM831X_I2C,4
MFD_WM831X_SPI,4
MFD_WM8350,4
MFD_WM8350_I2C,4
MFD_WM8994,4
MFD_WCD934X,4
MFD_ATC260X,4
MFD_ATC260X_I2C,4
RAVE_SP_CORE,4
MFD_INTEL_M10_BMC_CORE,6
MFD_INTEL_M10_BMC_SPI,6
MFD_INTEL_M10_BMC_PMCI,6
MFD_QNAP_MCU,6
MFD_UPBOARD_FPGA,6
MFD_MAX7360,4
REGULATOR,12
REGULATOR_FIXED_VOLTAGE,6
REGULATOR_VIRTUAL_CONSUMER,4
REGULATOR_USERSPACE_CONSUMER,4
REGULATOR_NETLINK_EVENTS,4
REGULATOR_88PG86X,4
REGULATOR_88PM800,4
REGULATOR_88PM8607,4
REGULATOR_ACT8865,4
REGULATOR_AD5398,4
REGULATOR_ADP5055,6
REGULATOR_AAT2870,4
REGULATOR_ARIZONA_LDO1,6
REGULATOR_ARIZONA_MICSUPP,6
REGULATOR_AS3711,4
REGULATOR_ATC260X,4
REGULATOR_AW37503,6
REGULATOR_AXP20X,4
REGULATOR_BCM590XX,4
REGULATOR_BD9571MWV,4
REGULATOR_BQ257XX,4
REGULATOR_DA903X,4
REGULATOR_DA9052,4
REGULATOR_DA9055,4
REGULATOR_DA9062,4
REGULATOR_DA9210,4
REGULATOR_DA9211,4
REGULATOR_FAN53555,4
REGULATOR_GPIO,4
REGULATOR_ISL9305,4
REGULATOR_ISL6271A,4
REGULATOR_LM363X,4
REGULATOR_LP3971,4
REGULATOR_LP3972,4
REGULATOR_LP872X,4
REGULATOR_LP8755,4
REGULATOR_LP8788,4
REGULATOR_LTC3589,4
REGULATOR_LTC3676,4
REGULATOR_MAX14577,4
REGULATOR_MAX1586,4
REGULATOR_MAX77503,6
REGULATOR_MAX77541,4
REGULATOR_MAX77857,6
REGULATOR_MAX8649,4
REGULATOR_MAX8660,4
REGULATOR_MAX8893,6
REGULATOR_MAX8907,4
REGULATOR_MAX8925,4
REGULATOR_MAX8952,4
REGULATOR_MAX8997,4
REGULATOR_MAX8998,4
REGULATOR_MAX20086,4
REGULATOR_MAX20411,6
REGULATOR_MAX77693,4
REGULATOR_MAX77826,4
REGULATOR_MAX77838,4
REGULATOR_MC13XXX_CORE,4
REGULATOR_MC13783,4
REGULATOR_MC13892,4
REGULATOR_MP8859,4
REGULATOR_MT6311,4
REGULATOR_MT6323,4
REGULATOR_MT6331,4
REGULATOR_MT6332,4
REGULATOR_MT6357,4
REGULATOR_MT6358,4
REGULATOR_MT6359,4
REGULATOR_MT6360,4
REGULATOR_MT6370,4
REGULATOR_MT6397,4
REGULATOR_PALMAS,4
REGULATOR_PCA9450,4
REGULATOR_PF9453,6
REGULATOR_PCAP,4
REGULATOR_PF0900,4
REGULATOR_PV88060,4
REGULATOR_PV88080,4
REGULATOR_PV88090,4
REGULATOR_PWM,4
REGULATOR_RAA215300,6
REGULATOR_RC5T583,4
REGULATOR_RT4801,6
REGULATOR_RT4803,6
REGULATOR_RT4831,6
REGULATOR_RT5033,4
REGULATOR_RT5120,6
REGULATOR_RT5190A,6
REGULATOR_RT5739,6
REGULATOR_RT5759,6
REGULATOR_RT6160,6
REGULATOR_RT6190,6
REGULATOR_RT6245,6
REGULATOR_RTQ2134,6
REGULATOR_RTMV20,6
REGULATOR_RTQ6752,6
REGULATOR_RTQ2208,6
REGULATOR_SKY81452,4
REGULATOR_SLG51000,4
REGULATOR_SY7636A,6
REGULATOR_TPS51632,4
REGULATOR_TPS6105X,4
REGULATOR_TPS62360,4
REGULATOR_TPS65023,4
REGULATOR_TPS6507X,4
REGULATOR_TPS65086,4
REGULATOR_TPS65090,4
REGULATOR_TPS65132,4
REGULATOR_TPS6524X,4
REGULATOR_TPS6586X,4
REGULATOR_TPS65910,4
REGULATOR_TPS65912,4
REGULATOR_TPS68470,6
REGULATOR_TWL4030,4
REGULATOR_WM831X,4
REGULATOR_WM8350,4
REGULATOR_WM8400,4
REGULATOR_WM8994,4
RC_CORE,12
BPF_LIRC_MODE2,6
LIRC,12
RC_MAP,12
RC_DECODERS,12
IR_IMON_DECODER,12
IR_JVC_DECODER,12
IR_MCE_KBD_DECODER,12
IR_NEC_DECODER,12
IR_RC5_DECODER,12
IR_RC6_DECODER,12
IR_RCMM_DECODER,6
IR_SANYO_DECODER,12
IR_SHARP_DECODER,12
IR_SONY_DECODER,12
IR_XMP_DECODER,12
RC_DEVICES,12
IR_ENE,12
IR_FINTEK,12
IR_IGORPLUGUSB,12
IR_IGUANA,12
IR_IMON,12
IR_IMON_RAW,12
IR_ITE_CIR,12
IR_MCEUSB,12
IR_NUVOTON,12
IR_REDRAT3,12
IR_SERIAL,12
IR_SERIAL_TRANSMITTER,12
IR_STREAMZAP,12
IR_TOY,6
IR_TTUSBIR,12
IR_WINBOND_CIR,12
RC_ATI_REMOTE,12
RC_LOOPBACK,12
RC_XBOX_DVD,6
CEC_CORE,12
CEC_NOTIFIER,12
CEC_PIN,6
MEDIA_CEC_RC,10
MEDIA_CEC_SUPPORT,12
CEC_CH7322,6
CEC_NXP_TDA9950,6
CEC_CROS_EC,4
CEC_GPIO,6
CEC_SECO,12
CEC_SECO_RC,6
USB_EXTRON_DA_HD_4K_PLUS_CEC,4
USB_PULSE8_CEC,12
USB_RAINSHADOW_CEC,12
MEDIA_SUPPORT,12
MEDIA_SUPPORT_FILTER,6
MEDIA_SUBDRV_AUTOSELECT,12
MEDIA_CAMERA_SUPPORT,12
MEDIA_ANALOG_TV_SUPPORT,12
MEDIA_DIGITAL_TV_SUPPORT,12
MEDIA_RADIO_SUPPORT,12
MEDIA_PLATFORM_SUPPORT,12
MEDIA_TEST_SUPPORT,12
VIDEO_DEV,12
MEDIA_CONTROLLER,12
DVB_CORE,12
VIDEO_V4L2_I2C,12
VIDEO_V4L2_SUBDEV_API,12
VIDEO_TUNER,12
V4L2_MEM2MEM_DEV,6
V4L2_FLASH_LED_CLASS,4
V4L2_FWNODE,12
V4L2_ASYNC,10
V4L2_CCI,6
V4L2_CCI_I2C,6
MEDIA_CONTROLLER_DVB,12
DVB_MMAP,4
DVB_NET,12
DVB_MAX_ADAPTERS,12
DVB_DYNAMIC_MINORS,12
MEDIA_USB_SUPPORT,12
USB_GSPCA,12
USB_GSPCA_BENQ,12
USB_GSPCA_CONEX,12
USB_GSPCA_CPIA1,12
USB_GSPCA_DTCS033,12
USB_GSPCA_ETOMS,12
USB_GSPCA_FINEPIX,12
USB_GSPCA_JEILINJ,12
USB_GSPCA_JL2005BCD,12
USB_GSPCA_KINECT,12
USB_GSPCA_KONICA,12
USB_GSPCA_MARS,12
USB_GSPCA_MR97310A,12
USB_GSPCA_NW80X,12
USB_GSPCA_OV519,12
USB_GSPCA_OV534,12
USB_GSPCA_OV534_9,12
USB_GSPCA_PAC207,12
USB_GSPCA_PAC7302,12
USB_GSPCA_PAC7311,12
USB_GSPCA_SE401,12
USB_GSPCA_SN9C2028,12
USB_GSPCA_SN9C20X,12
USB_GSPCA_SONIXB,12
USB_GSPCA_SONIXJ,12
USB_GSPCA_SPCA1528,12
USB_GSPCA_SPCA500,12
USB_GSPCA_SPCA501,12
USB_GSPCA_SPCA505,12
USB_GSPCA_SPCA506,12
USB_GSPCA_SPCA508,12
USB_GSPCA_SPCA561,12
USB_GSPCA_SQ905,12
USB_GSPCA_SQ905C,12
USB_GSPCA_SQ930X,12
USB_GSPCA_STK014,12
USB_GSPCA_STK1135,12
USB_GSPCA_STV0680,12
USB_GSPCA_SUNPLUS,12
USB_GSPCA_T613,12
USB_GSPCA_TOPRO,12
USB_GSPCA_TOUPTEK,12
USB_GSPCA_TV8532,12
USB_GSPCA_VC032X,12
USB_GSPCA_VICAM,12
USB_GSPCA_XIRLINK_CIT,12
USB_GSPCA_ZC3XX,12
USB_GL860,12
USB_M5602,12
USB_STV06XX,12
USB_PWC,12
USB_PWC_INPUT_EVDEV,12
USB_S2255,12
VIDEO_USBTV,12
USB_VIDEO_CLASS,12
USB_VIDEO_CLASS_INPUT_EVDEV,12
VIDEO_GO7007,6
VIDEO_GO7007_USB,6
VIDEO_GO7007_LOADER,6
VIDEO_GO7007_USB_S2250_BOARD,6
VIDEO_HDPVR,12
VIDEO_PVRUSB2,12
VIDEO_PVRUSB2_SYSFS,12
VIDEO_PVRUSB2_DVB,12
VIDEO_STK1160,12
VIDEO_AU0828,12
VIDEO_AU0828_V4L2,12
VIDEO_AU0828_RC,10
VIDEO_CX231XX,12
VIDEO_CX231XX_RC,12
VIDEO_CX231XX_ALSA,12
VIDEO_CX231XX_DVB,12
DVB_AS102,12
DVB_B2C2_FLEXCOP_USB,12
DVB_USB_V2,12
DVB_USB_AF9015,12
DVB_USB_AF9035,12
DVB_USB_ANYSEE,12
DVB_USB_AU6610,12
DVB_USB_AZ6007,12
DVB_USB_CE6230,12
DVB_USB_DVBSKY,12
DVB_USB_EC168,12
DVB_USB_GL861,12
DVB_USB_LME2510,12
DVB_USB_MXL111SF,12
DVB_USB_RTL28XXU,12
DVB_USB_ZD1301,12
DVB_USB,12
DVB_USB_A800,12
DVB_USB_AF9005,12
DVB_USB_AF9005_REMOTE,12
DVB_USB_AZ6027,12
DVB_USB_CINERGY_T2,12
DVB_USB_CXUSB,12
DVB_USB_CXUSB_ANALOG,6
DVB_USB_DIB0700,12
DVB_USB_DIB3000MC,12
DVB_USB_DIBUSB_MB,12
DVB_USB_DIBUSB_MB_FAULTY,10
DVB_USB_DIBUSB_MC,12
DVB_USB_DIGITV,12
DVB_USB_DTT200U,12
DVB_USB_DTV5100,12
DVB_USB_DW2102,12
DVB_USB_GP8PSK,12
DVB_USB_M920X,12
DVB_USB_NOVA_T_USB2,12
DVB_USB_OPERA1,12
DVB_USB_PCTV452E,12
DVB_USB_TECHNISAT_USB2,12
DVB_USB_TTUSB2,12
DVB_USB_UMT_010,12
DVB_USB_VP702X,12
DVB_USB_VP7045,12
SMS_USB_DRV,12
DVB_TTUSB_BUDGET,12
DVB_TTUSB_DEC,12
VIDEO_EM28XX,12
VIDEO_EM28XX_V4L2,12
VIDEO_EM28XX_ALSA,12
VIDEO_EM28XX_DVB,12
VIDEO_EM28XX_RC,12
MEDIA_PCI_SUPPORT,12
VIDEO_MGB4,4
VIDEO_SOLO6X10,12
VIDEO_TW5864,10
VIDEO_TW68,10
VIDEO_TW686X,12
VIDEO_DT3155,10
VIDEO_IVTV,12
VIDEO_IVTV_ALSA,10
VIDEO_HEXIUM_GEMINI,8
VIDEO_HEXIUM_ORION,8
VIDEO_MXB,8
VIDEO_BT848,12
DVB_BT8XX,12
VIDEO_CX18,12
VIDEO_CX18_ALSA,12
VIDEO_CX23885,12
MEDIA_ALTERA_CI,12
VIDEO_CX25821,4
VIDEO_CX25821_ALSA,4
VIDEO_CX88,12
VIDEO_CX88_ALSA,12
VIDEO_CX88_BLACKBIRD,12
VIDEO_CX88_DVB,12
VIDEO_CX88_ENABLE_VP3054,12
VIDEO_CX88_VP3054,12
VIDEO_CX88_MPEG,12
VIDEO_SAA7134,12
VIDEO_SAA7134_ALSA,12
VIDEO_SAA7134_RC,12
VIDEO_SAA7134_DVB,12
VIDEO_SAA7134_GO7007,6
VIDEO_SAA7164,12
DVB_B2C2_FLEXCOP_PCI,12
DVB_DDBRIDGE,12
DVB_DM1105,12
MANTIS_CORE,12
DVB_MANTIS,12
DVB_HOPPER,12
DVB_NETUP_UNIDVB,12
DVB_NGENE,12
DVB_PLUTO2,12
DVB_PT1,12
DVB_PT3,10
DVB_SMIPCIE,12
DVB_BUDGET_CORE,8
DVB_BUDGET,8
DVB_BUDGET_CI,8
DVB_BUDGET_AV,8
VIDEO_IPU3_CIO2,6
VIDEO_INTEL_IPU6,6
INTEL_VSC,6
IPU_BRIDGE,6
RADIO_ADAPTERS,12
RADIO_MAXIRADIO,12
RADIO_SAA7706H,6
RADIO_SHARK,12
RADIO_SHARK2,12
RADIO_SI4713,6
RADIO_SI476X,4
RADIO_TEA575X,12
RADIO_TEA5764,6
RADIO_TEF6862,4
USB_DSBR,12
USB_KEENE,12
USB_MA901,12
USB_MR800,12
USB_RAREMONO,10
RADIO_SI470X,12
USB_SI470X,12
I2C_SI470X,6
USB_SI4713,4
PLATFORM_SI4713,4
I2C_SI4713,4
MEDIA_PLATFORM_DRIVERS,10
V4L_PLATFORM_DRIVERS,10
DVB_PLATFORM_DRIVERS,4
V4L_MEM2MEM_DRIVERS,12
VIDEO_MEM2MEM_DEINTERLACE,4
VIDEO_CADENCE_CSI2RX,4
VIDEO_CADENCE_CSI2TX,6
VIDEO_CAFE_CCIC,10
VIDEO_RP1_CFE,4
SMS_SDIO_DRV,12
V4L_TEST_DRIVERS,12
VIDEO_VIM2M,6
VIDEO_VICODEC,6
VIDEO_VIMC,6
VIDEO_VIVID,12
VIDEO_VIVID_CEC,12
VIDEO_VIVID_OSD,6
VIDEO_VIVID_MAX_DEVS,12
VIDEO_VISL,6
DVB_TEST_DRIVERS,4
DVB_VIDTV,4
DVB_FIREDTV,12
DVB_FIREDTV_INPUT,12
MEDIA_COMMON_OPTIONS,12
CYPRESS_FIRMWARE,12
TTPCI_EEPROM,12
UVC_COMMON,6
VIDEO_CX2341X,12
VIDEO_TVEEPROM,12
DVB_B2C2_FLEXCOP,12
VIDEO_SAA7146,8
VIDEO_SAA7146_VV,8
SMS_SIANO_MDTV,12
SMS_SIANO_RC,12
VIDEO_V4L2_TPG,12
VIDEOBUF2_CORE,12
VIDEOBUF2_V4L2,12
VIDEOBUF2_MEMOPS,12
VIDEOBUF2_DMA_CONTIG,12
VIDEOBUF2_VMALLOC,12
VIDEOBUF2_DMA_SG,12
VIDEOBUF2_DVB,12
MEDIA_HIDE_ANCILLARY_SUBDRV,4
MEDIA_ATTACH,12
VIDEO_IR_I2C,12
VIDEO_CAMERA_SENSOR,10
VIDEO_APTINA_PLL,6
VIDEO_CCS_PLL,6
VIDEO_ALVIUM_CSI2,4
VIDEO_AR0521,6
VIDEO_GC0308,6
VIDEO_GC0310,6
VIDEO_GC05A2,4
VIDEO_GC08A3,4
VIDEO_GC2145,6
VIDEO_HI556,6
VIDEO_HI846,6
VIDEO_HI847,6
VIDEO_IMX208,6
VIDEO_IMX214,6
VIDEO_IMX219,6
VIDEO_IMX258,6
VIDEO_IMX274,6
VIDEO_IMX283,6
VIDEO_IMX290,6
VIDEO_IMX296,6
VIDEO_IMX319,6
VIDEO_IMX355,6
VIDEO_MAX9271_LIB,6
VIDEO_MT9M001,6
VIDEO_MT9M111,4
VIDEO_MT9M114,6
VIDEO_MT9P031,6
VIDEO_MT9T112,6
VIDEO_MT9V011,12
VIDEO_MT9V111,6
VIDEO_OG01A1B,6
VIDEO_OG0VE1B,6
VIDEO_OV01A10,6
VIDEO_OV02A10,6
VIDEO_OV02E10,6
VIDEO_OV02C10,6
VIDEO_OV08D10,6
VIDEO_OV08X40,6
VIDEO_OV13858,6
VIDEO_OV13B10,6
VIDEO_OV2640,12
VIDEO_OV2659,6
VIDEO_OV2680,6
VIDEO_OV2685,6
VIDEO_OV2735,6
VIDEO_OV2740,6
VIDEO_OV4689,6
VIDEO_OV5647,6
VIDEO_OV5648,6
VIDEO_OV5670,6
VIDEO_OV5675,6
VIDEO_OV5693,6
VIDEO_OV5695,6
VIDEO_OV6211,6
VIDEO_OV64A40,6
VIDEO_OV7251,6
VIDEO_OV7640,6
VIDEO_OV7670,10
VIDEO_OV772X,6
VIDEO_OV7740,6
VIDEO_OV8856,6
VIDEO_OV8858,6
VIDEO_OV8865,6
VIDEO_OV9640,6
VIDEO_OV9650,6
VIDEO_OV9734,6
VIDEO_RDACM20,6
VIDEO_RDACM21,4
VIDEO_RJ54N1,6
VIDEO_S5C73M3,6
VIDEO_S5K5BAF,6
VIDEO_S5K6A3,6
VIDEO_VD55G1,6
VIDEO_VD56G3,6
VIDEO_CCS,6
VIDEO_ET8EK8,6
VIDEO_THP7312,4
VIDEO_CAMERA_LENS,6
VIDEO_AD5820,6
VIDEO_AK7375,6
VIDEO_DW9714,6
VIDEO_DW9719,6
VIDEO_DW9768,6
VIDEO_DW9807_VCM,6
VIDEO_ADP1653,6
VIDEO_LM3560,6
VIDEO_LM3646,6
VIDEO_CS3308,12
VIDEO_CS5345,12
VIDEO_CS53L32A,12
VIDEO_MSP3400,12
VIDEO_SONY_BTF_MPX,6
VIDEO_TDA7432,12
VIDEO_TDA9840,12
VIDEO_TEA6415C,12
VIDEO_TEA6420,12
VIDEO_TVAUDIO,12
VIDEO_UDA1342,6
VIDEO_VP27SMPX,12
VIDEO_WM8739,12
VIDEO_WM8775,12
VIDEO_SAA6588,12
VIDEO_SAA711X,12
VIDEO_TVP5150,12
VIDEO_TW2804,6
VIDEO_TW9903,6
VIDEO_TW9906,6
VIDEO_SAA717X,12
VIDEO_CX25840,12
VIDEO_SAA7127,12
VIDEO_UPD64031A,12
VIDEO_UPD64083,12
VIDEO_SAA6752HS,12
VIDEO_M52790,12
VIDEO_MAX96717,6
CXD2880_SPI_DRV,6
VIDEO_GS1662,6
MEDIA_TUNER,12
MEDIA_TUNER_E4000,12
MEDIA_TUNER_FC0011,12
MEDIA_TUNER_FC0012,12
MEDIA_TUNER_FC0013,12
MEDIA_TUNER_FC2580,12
MEDIA_TUNER_IT913X,12
MEDIA_TUNER_M88RS6000T,12
MEDIA_TUNER_MAX2165,12
MEDIA_TUNER_MC44S803,12
MEDIA_TUNER_MT2060,12
MEDIA_TUNER_MT2063,12
MEDIA_TUNER_MT20XX,12
MEDIA_TUNER_MT2131,12
MEDIA_TUNER_MT2266,12
MEDIA_TUNER_MXL301RF,10
MEDIA_TUNER_MXL5005S,12
MEDIA_TUNER_MXL5007T,12
MEDIA_TUNER_QM1D1B0004,12
MEDIA_TUNER_QM1D1C0042,12
MEDIA_TUNER_QT1010,12
MEDIA_TUNER_R820T,12
MEDIA_TUNER_SI2157,12
MEDIA_TUNER_SIMPLE,12
MEDIA_TUNER_TDA18212,12
MEDIA_TUNER_TDA18218,12
MEDIA_TUNER_TDA18250,12
MEDIA_TUNER_TDA18271,12
MEDIA_TUNER_TDA827X,12
MEDIA_TUNER_TDA8290,12
MEDIA_TUNER_TDA9887,12
MEDIA_TUNER_TEA5761,12
MEDIA_TUNER_TEA5767,12
MEDIA_TUNER_TUA9001,12
MEDIA_TUNER_XC2028,12
MEDIA_TUNER_XC4000,12
MEDIA_TUNER_XC5000,12
DVB_M88DS3103,12
DVB_MXL5XX,12
DVB_STB0899,12
DVB_STB6100,12
DVB_STV090x,12
DVB_STV0910,12
DVB_STV6110x,12
DVB_STV6111,12
DVB_DRXK,12
DVB_MN88472,12
DVB_MN88473,12
DVB_SI2165,12
DVB_TDA18271C2DD,12
DVB_CX24110,12
DVB_CX24116,12
DVB_CX24117,12
DVB_CX24120,12
DVB_CX24123,12
DVB_DS3000,12
DVB_MB86A16,12
DVB_MT312,12
DVB_S5H1420,12
DVB_SI21XX,12
DVB_STB6000,12
DVB_STV0288,12
DVB_STV0299,12
DVB_STV0900,12
DVB_STV6110,12
DVB_TDA10071,12
DVB_TDA10086,12
DVB_TDA8083,12
DVB_TDA8261,8
DVB_TDA826X,12
DVB_TS2020,12
DVB_TUA6100,12
DVB_TUNER_CX24113,12
DVB_TUNER_ITD1000,12
DVB_VES1X93,12
DVB_ZL10036,12
DVB_ZL10039,12
DVB_AF9013,12
DVB_AS102_FE,12
DVB_CX22700,12
DVB_CX22702,12
DVB_CXD2820R,12
DVB_CXD2841ER,12
DVB_DIB3000MB,12
DVB_DIB3000MC,12
DVB_DIB7000M,12
DVB_DIB7000P,12
DVB_DRXD,12
DVB_EC100,12
DVB_GP8PSK_FE,12
DVB_L64781,12
DVB_MT352,12
DVB_NXT6000,12
DVB_RTL2830,12
DVB_RTL2832,12
DVB_SI2168,12
DVB_SP887X,12
DVB_STV0367,12
DVB_TDA10048,12
DVB_TDA1004X,12
DVB_ZD1301_DEMOD,12
DVB_ZL10353,12
DVB_STV0297,12
DVB_TDA10021,12
DVB_TDA10023,12
DVB_VES1820,12
DVB_AU8522,12
DVB_AU8522_DTV,12
DVB_AU8522_V4L,12
DVB_BCM3510,12
DVB_LG2160,12
DVB_LGDT3305,12
DVB_LGDT3306A,12
DVB_LGDT330X,12
DVB_MXL692,10
DVB_NXT200X,12
DVB_OR51132,12
DVB_OR51211,12
DVB_S5H1409,12
DVB_S5H1411,12
DVB_DIB8000,12
DVB_MB86A20S,12
DVB_S921,12
DVB_TC90522,12
DVB_PLL,12
DVB_TUNER_DIB0070,12
DVB_TUNER_DIB0090,12
DVB_A8293,12
DVB_AF9033,12
DVB_ASCOT2E,12
DVB_ATBM8830,12
DVB_HELENE,12
DVB_HORUS3A,12
DVB_ISL6405,12
DVB_ISL6421,12
DVB_ISL6423,12
DVB_IX2505V,12
DVB_LGS8GXX,12
DVB_LNBH25,12
DVB_LNBP21,12
DVB_LNBP22,12
DVB_M88RS2000,12
DVB_TDA665x,12
DVB_DRX39XYJ,12
DVB_CXD2099,12
DVB_SP2,12
DVB_DUMMY_FE,10
APERTURE_HELPERS,10
SCREEN_INFO,6
VIDEO,6
AGP,12
AGP_AMD64,12
AGP_INTEL,12
AGP_SIS,12
AGP_VIA,12
INTEL_GTT,12
VGA_SWITCHEROO,12
DRM,12
DRM_MIPI_DBI,6
DRM_MIPI_DSI,12
DRM_KMS_HELPER,12
DRM_DRAW,6
DRM_PANIC,6
DRM_PANIC_FOREGROUND_COLOR,6
DRM_PANIC_BACKGROUND_COLOR,6
DRM_PANIC_SCREEN,6
DRM_PANIC_SCREEN_QR_CODE,6
DRM_PANIC_SCREEN_QR_CODE_URL,4
DRM_PANIC_SCREEN_QR_VERSION,6
DRM_CLIENT,6
DRM_CLIENT_LIB,6
DRM_CLIENT_SELECTION,6
DRM_CLIENT_SETUP,6
DRM_FBDEV_EMULATION,12
DRM_FBDEV_OVERALLOC,12
DRM_CLIENT_LOG,4
DRM_CLIENT_DEFAULT_FBDEV,6
DRM_CLIENT_DEFAULT,6
DRM_LOAD_EDID_FIRMWARE,12
DRM_DISPLAY_HELPER,10
DRM_DISPLAY_DP_AUX_CEC,6
DRM_DISPLAY_DP_AUX_CHARDEV,6
DRM_DISPLAY_DP_HELPER,10
DRM_DISPLAY_DP_TUNNEL,6
DRM_DISPLAY_DSC_HELPER,6
DRM_DISPLAY_HDCP_HELPER,10
DRM_DISPLAY_HDMI_CEC_NOTIFIER_HELPER,6
DRM_DISPLAY_HDMI_HELPER,10
DRM_TTM,12
DRM_EXEC,6
DRM_GPUVM,6
DRM_GPUSVM,6
DRM_BUDDY,10
DRM_VRAM_HELPER,12
DRM_TTM_HELPER,12
DRM_GEM_DMA_HELPER,6
DRM_GEM_SHMEM_HELPER,12
DRM_SUBALLOC_HELPER,6
DRM_SCHED,12
DRM_SYSFB_HELPER,6
DRM_SIMPLEDRM,6
DRM_RADEON,12
DRM_RADEON_USERPTR,6
DRM_AMDGPU,12
DRM_AMDGPU_SI,12
DRM_AMDGPU_CIK,12
DRM_AMDGPU_USERPTR,12
DRM_AMD_ISP,6
DRM_AMD_ACP,12
DRM_AMD_DC,12
DRM_AMD_DC_FP,6
DRM_AMD_DC_SI,12
DRM_AMD_SECURE_DISPLAY,6
HSA_AMD,12
HSA_AMD_SVM,6
DRM_NOUVEAU,12
NOUVEAU_DEBUG,12
NOUVEAU_DEBUG_DEFAULT,12
DRM_NOUVEAU_BACKLIGHT,12
DRM_NOUVEAU_SVM,4
DRM_NOUVEAU_CH7006,6
DRM_NOUVEAU_SIL164,6
DRM_I915,12
DRM_I915_FORCE_PROBE,4
DRM_I915_CAPTURE_ERROR,12
DRM_I915_COMPRESS_ERROR,12
DRM_I915_USERPTR,12
DRM_I915_GVT_KVMGT,12
DRM_I915_PXP,6
DRM_I915_DP_TUNNEL,6
DRM_I915_REQUEST_TIMEOUT,10
DRM_I915_FENCE_TIMEOUT,12
DRM_I915_USERFAULT_AUTOSUSPEND,12
DRM_I915_HEARTBEAT_INTERVAL,12
DRM_I915_PREEMPT_TIMEOUT,12
DRM_I915_PREEMPT_TIMEOUT_COMPUTE,6
DRM_I915_MAX_REQUEST_BUSYWAIT,12
DRM_I915_STOP_TIMEOUT,12
DRM_I915_TIMESLICE_DURATION,12
DRM_I915_GVT,12
DRM_XE,6
DRM_XE_DISPLAY,6
DRM_XE_DP_TUNNEL,6
DRM_XE_GPUSVM,6
DRM_XE_PAGEMAP,6
DRM_XE_JOB_TIMEOUT_MAX,6
DRM_XE_JOB_TIMEOUT_MIN,6
DRM_XE_TIMESLICE_MAX,6
DRM_XE_TIMESLICE_MIN,6
DRM_XE_PREEMPT_TIMEOUT,6
DRM_XE_PREEMPT_TIMEOUT_MAX,6
DRM_XE_PREEMPT_TIMEOUT_MIN,6
DRM_XE_ENABLE_SCHEDTIMEOUT_LIMIT,6
DRM_VGEM,12
DRM_VKMS,6
DRM_VMWGFX,12
DRM_VMWGFX_MKSSTATS,6
DRM_GMA500,12
DRM_UDL,12
DRM_AST,12
DRM_MGAG200,12
DRM_QXL,12
DRM_VIRTIO_GPU,12
DRM_VIRTIO_GPU_KMS,6
DRM_PANEL,12
DRM_PANEL_AUO_A030JTN01,4
DRM_PANEL_ILITEK_ILI9341,4
DRM_PANEL_ORISETECH_OTA5601A,4
DRM_PANEL_RASPBERRYPI_TOUCHSCREEN,4
DRM_PANEL_WIDECHIPS_WS2401,6
DRM_BRIDGE,12
DRM_PANEL_BRIDGE,12
DRM_I2C_NXP_TDA998X,4
DRM_ANALOGIX_ANX78XX,6
DRM_ANALOGIX_DP,6
DRM_HISI_HIBMC,4
DRM_APPLETBDRM,4
DRM_BOCHS,12
DRM_CIRRUS_QEMU,12
DRM_GM12U320,6
DRM_PANEL_MIPI_DBI,6
DRM_PIXPAPER,6
TINYDRM_HX8357D,4
TINYDRM_ILI9163,6
TINYDRM_ILI9225,4
TINYDRM_ILI9341,4
TINYDRM_ILI9486,6
TINYDRM_MI0283QT,4
TINYDRM_REPAPER,4
TINYDRM_SHARP_MEMORY,6
DRM_XEN,10
DRM_XEN_FRONTEND,10
DRM_VBOXVIDEO,12
DRM_GUD,6
DRM_ST7571_I2C,6
DRM_ST7586,6
DRM_ST7735R,6
DRM_SSD130X,6
DRM_SSD130X_I2C,6
DRM_SSD130X_SPI,6
DRM_HYPERV,10
DRM_PANEL_BACKLIGHT_QUIRKS,6
DRM_PRIVACY_SCREEN,10
DRM_PANEL_ORIENTATION_QUIRKS,12
FB,12
FB_VESA,12
FB_EFI,12
XEN_FBDEV_FRONTEND,12
FB_CORE,6
FB_NOTIFY,12
FB_DEVICE,4
FB_CFB_FILLRECT,12
FB_CFB_COPYAREA,12
FB_CFB_IMAGEBLIT,12
FB_SYS_FILLRECT,12
FB_SYS_COPYAREA,12
FB_SYS_IMAGEBLIT,12
FB_SYSMEM_FOPS,6
FB_DEFERRED_IO,12
FB_DMAMEM_HELPERS,6
FB_DMAMEM_HELPERS_DEFERRED,6
FB_IOMEM_FOPS,6
FB_IOMEM_HELPERS,6
FB_SYSMEM_HELPERS,6
FB_SYSMEM_HELPERS_DEFERRED,6
LCD_CLASS_DEVICE,6
LCD_L4F00242T03,4
LCD_LMS283GF05,4
LCD_LTV350QV,4
LCD_ILI922X,4
LCD_ILI9320,4
LCD_TDO24M,4
LCD_VGG2432A4,4
LCD_PLATFORM,6
LCD_AMS369FG06,4
LCD_LMS501KF03,4
LCD_HX8357,4
LCD_OTM3225A,4
BACKLIGHT_CLASS_DEVICE,12
BACKLIGHT_KTD253,6
BACKLIGHT_KTD2801,4
BACKLIGHT_KTZ8866,6
BACKLIGHT_LM3533,4
BACKLIGHT_PWM,12
BACKLIGHT_DA903X,4
BACKLIGHT_DA9052,4
BACKLIGHT_MAX8925,4
BACKLIGHT_MT6370,4
BACKLIGHT_APPLE,12
BACKLIGHT_QCOM_WLED,4
BACKLIGHT_RT4831,6
BACKLIGHT_SAHARA,4
BACKLIGHT_WM831X,4
BACKLIGHT_ADP5520,4
BACKLIGHT_ADP8860,4
BACKLIGHT_ADP8870,4
BACKLIGHT_88PM860X,4
BACKLIGHT_AAT2870,4
BACKLIGHT_LM3509,6
BACKLIGHT_LM3630A,4
BACKLIGHT_LM3639,4
BACKLIGHT_LP855X,6
BACKLIGHT_LP8788,4
BACKLIGHT_MP3309C,6
BACKLIGHT_PANDORA,4
BACKLIGHT_SKY81452,4
BACKLIGHT_AS3711,4
BACKLIGHT_GPIO,4
BACKLIGHT_LV5207LP,4
BACKLIGHT_BD6107,4
BACKLIGHT_ARCXCNN,6
BACKLIGHT_RAVE_SP,4
VIDEOMODE_HELPERS,12
HDMI,12
VGA_CONSOLE,12
DUMMY_CONSOLE,12
DUMMY_CONSOLE_COLUMNS,12
DUMMY_CONSOLE_ROWS,12
FRAMEBUFFER_CONSOLE,12
FRAMEBUFFER_CONSOLE_DETECT_PRIMARY,12
FRAMEBUFFER_CONSOLE_ROTATION,12
FRAMEBUFFER_CONSOLE_DEFERRED_TAKEOVER,6
TRACE_GPU_MEM,4
DRM_ACCEL,6
DRM_ACCEL_AMDXDNA,6
DRM_ACCEL_HABANALABS,6
HL_HLDIO,6
DRM_ACCEL_IVPU,6
DRM_ACCEL_QAIC,6
SOUND,12
SOUND_OSS_CORE,10
SND,12
SND_TIMER,12
SND_PCM,12
SND_PCM_ELD,12
SND_PCM_IEC958,4
SND_DMAENGINE_PCM,6
SND_HWDEP,12
SND_SEQ_DEVICE,12
SND_RAWMIDI,12
SND_UMP,6
SND_UMP_LEGACY_RAWMIDI,6
SND_COMPRESS_OFFLOAD,12
SND_JACK,12
SND_JACK_INPUT_DEV,12
SND_OSSEMUL,10
SND_MIXER_OSS,10
SND_PCM_OSS,10
SND_PCM_OSS_PLUGINS,10
SND_PCM_TIMER,12
SND_HRTIMER,12
SND_DYNAMIC_MINORS,12
SND_MAX_CARDS,12
SND_PROC_FS,12
SND_VERBOSE_PROCFS,12
SND_CTL_FAST_LOOKUP,10
SND_DEBUG,4
SND_CTL_INPUT_VALIDATION,4
SND_UTIMER,6
SND_VMASTER,12
SND_DMA_SGBUF,12
SND_CTL_LED,10
SND_SEQUENCER,12
SND_SEQ_DUMMY,12
SND_SEQUENCER_OSS,4
SND_SEQ_HRTIMER_DEFAULT,12
SND_SEQ_MIDI_EVENT,12
SND_SEQ_MIDI,12
SND_SEQ_MIDI_EMUL,12
SND_SEQ_VIRMIDI,12
SND_SEQ_UMP,6
SND_SEQ_UMP_CLIENT,6
SND_MPU401_UART,12
SND_OPL3_LIB,12
SND_OPL3_LIB_SEQ,12
SND_VX_LIB,12
SND_AC97_CODEC,12
SND_DRIVERS,12
SND_DUMMY,12
SND_ALOOP,12
SND_PCMTEST,6
SND_VIRMIDI,12
SND_MTPAV,12
SND_MTS64,12
SND_SERIAL_U16550,12
SND_MPU401,12
SND_PORTMAN2X4,12
SND_AC97_POWER_SAVE,12
SND_AC97_POWER_SAVE_DEFAULT,4
SND_SB_COMMON,12
SND_PCI,12
SND_AD1889,12
SND_ALS300,12
SND_ALS4000,12
SND_ALI5451,12
SND_ASIHPI,12
SND_ATIIXP,12
SND_ATIIXP_MODEM,12
SND_AU8810,12
SND_AU8820,12
SND_AU8830,12
SND_AW2,4
SND_AZT3328,12
SND_BT87X,12
SND_CA0106,12
SND_CMIPCI,12
SND_OXYGEN_LIB,12
SND_OXYGEN,12
SND_CS4281,12
SND_CS46XX,12
SND_CS46XX_NEW_DSP,12
SND_CTXFI,12
SND_DARLA20,12
SND_GINA20,12
SND_LAYLA20,12
SND_DARLA24,12
SND_GINA24,12
SND_LAYLA24,12
SND_MONA,12
SND_MIA,12
SND_ECHO3G,12
SND_INDIGO,12
SND_INDIGOIO,12
SND_INDIGODJ,12
SND_INDIGOIOX,12
SND_INDIGODJX,12
SND_EMU10K1,12
SND_EMU10K1_SEQ,12
SND_EMU10K1X,12
SND_ENS1370,12
SND_ENS1371,12
SND_ES1938,12
SND_ES1968,12
SND_ES1968_INPUT,12
SND_ES1968_RADIO,12
SND_FM801,12
SND_FM801_TEA575X_BOOL,12
SND_HDSP,12
SND_HDSPM,12
SND_ICE1712,12
SND_ICE1724,12
SND_INTEL8X0,12
SND_INTEL8X0M,12
SND_KORG1212,12
SND_LOLA,12
SND_LX6464ES,12
SND_MAESTRO3,12
SND_MAESTRO3_INPUT,12
SND_MIXART,12
SND_NM256,12
SND_PCXHR,12
SND_RIPTIDE,12
SND_RME32,12
SND_RME96,12
SND_RME9652,12
SND_SONICVIBES,12
SND_TRIDENT,12
SND_VIA82XX,12
SND_VIA82XX_MODEM,12
SND_VIRTUOSO,12
SND_VX222,12
SND_YMFPCI,12
SND_HDA,12
SND_HDA_HWDEP,12
SND_HDA_RECONFIG,12
SND_HDA_INPUT_BEEP,12
SND_HDA_PATCH_LOADER,12
SND_HDA_POWER_SAVE_DEFAULT,12
SND_HDA_INTEL,12
SND_HDA_ACPI,6
SND_HDA_GENERIC_LEDS,12
SND_HDA_CODEC_ANALOG,12
SND_HDA_CODEC_SIGMATEL,12
SND_HDA_CODEC_VIA,12
SND_HDA_CODEC_CONEXANT,12
SND_HDA_CODEC_SENARYTECH,6
SND_HDA_CODEC_CA0110,12
SND_HDA_CODEC_CA0132,12
SND_HDA_CODEC_CA0132_DSP,12
SND_HDA_CODEC_CMEDIA,12
SND_HDA_CODEC_CM9825,6
SND_HDA_CODEC_SI3054,12
SND_HDA_GENERIC,12
SND_HDA_CODEC_REALTEK,12
SND_HDA_CODEC_REALTEK_LIB,6
SND_HDA_CODEC_ALC260,6
SND_HDA_CODEC_ALC262,6
SND_HDA_CODEC_ALC268,6
SND_HDA_CODEC_ALC269,6
SND_HDA_CODEC_ALC662,6
SND_HDA_CODEC_ALC680,6
SND_HDA_CODEC_ALC861,6
SND_HDA_CODEC_ALC861VD,6
SND_HDA_CODEC_ALC880,6
SND_HDA_CODEC_ALC882,6
SND_HDA_CODEC_CIRRUS,12
SND_HDA_CODEC_CS420X,6
SND_HDA_CODEC_CS421X,6
SND_HDA_CODEC_CS8409,10
SND_HDA_CODEC_HDMI,12
SND_HDA_CODEC_HDMI_GENERIC,6
SND_HDA_CODEC_HDMI_SIMPLE,6
SND_HDA_CODEC_HDMI_INTEL,6
SND_HDA_INTEL_HDMI_SILENT_STREAM,6
SND_HDA_CODEC_HDMI_ATI,6
SND_HDA_CODEC_HDMI_NVIDIA,6
SND_HDA_CODEC_HDMI_NVIDIA_MCP,6
SND_HDA_CODEC_HDMI_TEGRA,6
SND_HDA_CIRRUS_SCODEC,6
SND_HDA_SCODEC_CS35L41,10
SND_HDA_SCODEC_COMPONENT,6
SND_HDA_SCODEC_CS35L41_I2C,10
SND_HDA_SCODEC_CS35L41_SPI,10
SND_HDA_SCODEC_CS35L56,6
SND_HDA_SCODEC_CS35L56_I2C,6
SND_HDA_SCODEC_CS35L56_SPI,6
SND_HDA_SCODEC_TAS2781,6
SND_HDA_SCODEC_TAS2781_I2C,6
SND_HDA_SCODEC_TAS2781_SPI,6
SND_HDA_CORE,12
SND_HDA_DSP_LOADER,12
SND_HDA_COMPONENT,12
SND_HDA_I915,12
SND_HDA_EXT_CORE,12
SND_INTEL_NHLT,12
SND_INTEL_DSP_CONFIG,12
SND_INTEL_SOUNDWIRE_ACPI,10
SND_SPI,10
SND_USB,12
SND_USB_AUDIO,12
SND_USB_AUDIO_MIDI_V2,6
SND_USB_AUDIO_USE_MEDIA_CONTROLLER,12
SND_USB_UA101,12
SND_USB_USX2Y,12
SND_USB_CAIAQ,12
SND_USB_CAIAQ_INPUT,12
SND_USB_US122L,12
SND_USB_US144MKII,6
SND_USB_6FIRE,12
SND_USB_HIFACE,12
SND_BCD2000,12
SND_USB_AUDIO_QMI,4
SND_USB_LINE6,12
SND_USB_POD,12
SND_USB_PODHD,12
SND_USB_TONEPORT,12
SND_USB_VARIAX,12
SND_FIREWIRE,12
SND_FIREWIRE_LIB,12
SND_DICE,12
SND_OXFW,12
SND_ISIGHT,12
SND_FIREWORKS,12
SND_BEBOB,12
SND_FIREWIRE_DIGI00X,12
SND_FIREWIRE_TASCAM,12
SND_FIREWIRE_MOTU,12
SND_FIREFACE,12
SND_PCMCIA,10
SND_VXPOCKET,10
SND_PDAUDIOCF,10
SND_SOC,12
SND_SOC_AC97_BUS,6
SND_SOC_GENERIC_DMAENGINE_PCM,6
SND_SOC_COMPRESS,12
SND_SOC_TOPOLOGY,12
SND_SOC_ACPI,12
SND_SOC_USB,4
SND_SOC_ADI_AXI_I2S,6
SND_SOC_ADI_AXI_SPDIF,6
SND_SOC_AMD_ACP,12
SND_SOC_AMD_CZ_DA7219MX98357_MACH,12
SND_SOC_AMD_CZ_RT5645_MACH,12
SND_SOC_AMD_ST_ES8336_MACH,6
SND_SOC_AMD_ACP3x,12
SND_SOC_AMD_RV_RT5682_MACH,6
SND_SOC_AMD_RENOIR,12
SND_SOC_AMD_RENOIR_MACH,12
SND_SOC_AMD_ACP5x,10
SND_SOC_AMD_VANGOGH_MACH,10
SND_SOC_AMD_ACP6x,10
SND_SOC_AMD_YC_MACH,10
SND_AMD_ACP_CONFIG,10
SND_SOC_AMD_ACP_COMMON,6
SND_SOC_ACPI_AMD_MATCH,6
SND_SOC_AMD_ACP_PDM,6
SND_SOC_AMD_ACP_LEGACY_COMMON,6
SND_SOC_AMD_ACP_I2S,6
SND_SOC_AMD_ACPI_MACH,6
SND_SOC_AMD_ACP_PCM,6
SND_SOC_AMD_ACP_PCI,6
SND_AMD_ASOC_RENOIR,6
SND_AMD_ASOC_REMBRANDT,6
SND_AMD_ASOC_ACP63,6
SND_AMD_ASOC_ACP70,6
SND_SOC_AMD_MACH_COMMON,6
SND_SOC_AMD_LEGACY_MACH,6
SND_SOC_AMD_SOF_MACH,6
SND_SOC_AMD_SDW_MACH_COMMON,6
SND_SOC_AMD_SOF_SDW_MACH,6
SND_SOC_AMD_LEGACY_SDW_MACH,6
SND_AMD_SOUNDWIRE_ACPI,6
SND_SOC_AMD_RPL_ACP6x,6
SND_SOC_AMD_ACP63_TOPLEVEL,6
SND_SOC_AMD_SOUNDWIRE_LINK_BASELINE,6
SND_SOC_AMD_SOUNDWIRE,6
SND_SOC_AMD_PS,6
SND_SOC_AMD_PS_MACH,6
SND_DESIGNWARE_I2S,4
SND_DESIGNWARE_PCM,4
SND_SOC_FSL_XCVR,4
SND_SOC_FSL_UTILS,4
SND_SOC_CHV3_I2S,6
SND_I2S_HI6210_I2S,4
SND_SOC_INTEL_SST_TOPLEVEL,12
SND_SOC_INTEL_CATPT,12
SND_SST_ATOM_HIFI2_PLATFORM,12
SND_SST_ATOM_HIFI2_PLATFORM_PCI,4
SND_SST_ATOM_HIFI2_PLATFORM_ACPI,12
SND_SOC_ACPI_INTEL_MATCH,12
SND_SOC_ACPI_INTEL_SDCA_QUIRKS,6
SND_SOC_INTEL_AVS,6
SND_SOC_INTEL_AVS_MACH_DA7219,6
SND_SOC_INTEL_AVS_MACH_DMIC,6
SND_SOC_INTEL_AVS_MACH_ES8336,6
SND_SOC_INTEL_AVS_MACH_HDAUDIO,6
SND_SOC_INTEL_AVS_MACH_I2S_TEST,6
SND_SOC_INTEL_AVS_MACH_MAX98927,6
SND_SOC_INTEL_AVS_MACH_MAX98357A,6
SND_SOC_INTEL_AVS_MACH_MAX98373,6
SND_SOC_INTEL_AVS_MACH_NAU8825,6
SND_SOC_INTEL_AVS_MACH_PCM3168A,6
SND_SOC_INTEL_AVS_MACH_PROBE,6
SND_SOC_INTEL_AVS_MACH_RT274,6
SND_SOC_INTEL_AVS_MACH_RT286,6
SND_SOC_INTEL_AVS_MACH_RT298,6
SND_SOC_INTEL_AVS_MACH_RT5514,6
SND_SOC_INTEL_AVS_MACH_RT5640,6
SND_SOC_INTEL_AVS_MACH_RT5663,6
SND_SOC_INTEL_AVS_MACH_RT5682,6
SND_SOC_INTEL_AVS_MACH_SSM4567,6
SND_SOC_INTEL_MACH,12
SND_SOC_INTEL_USER_FRIENDLY_LONG_NAMES,12
SND_SOC_INTEL_HDA_DSP_COMMON,10
SND_SOC_INTEL_SOF_MAXIM_COMMON,10
SND_SOC_INTEL_SOF_REALTEK_COMMON,10
SND_SOC_INTEL_SOF_CIRRUS_COMMON,6
SND_SOC_INTEL_SOF_NUVOTON_COMMON,6
SND_SOC_INTEL_SOF_BOARD_HELPERS,6
SND_SOC_INTEL_HASWELL_MACH,12
SND_SOC_INTEL_BDW_RT5650_MACH,12
SND_SOC_INTEL_BDW_RT5677_MACH,12
SND_SOC_INTEL_BROADWELL_MACH,12
SND_SOC_INTEL_BYTCR_RT5640_MACH,12
SND_SOC_INTEL_BYTCR_RT5651_MACH,12
SND_SOC_INTEL_BYTCR_WM5102_MACH,6
SND_SOC_INTEL_CHT_BSW_RT5672_MACH,12
SND_SOC_INTEL_CHT_BSW_RT5645_MACH,12
SND_SOC_INTEL_CHT_BSW_MAX98090_TI_MACH,12
SND_SOC_INTEL_CHT_BSW_NAU8824_MACH,12
SND_SOC_INTEL_BYT_CHT_CX2072X_MACH,12
SND_SOC_INTEL_BYT_CHT_DA7213_MACH,12
SND_SOC_INTEL_BYT_CHT_ES8316_MACH,12
SND_SOC_INTEL_SOF_WM8804_MACH,6
SND_SOC_INTEL_GLK_DA7219_MAX98357A_MACH,6
SND_SOC_INTEL_GLK_RT5682_MAX98357A_MACH,12
SND_SOC_INTEL_SKL_HDA_DSP_GENERIC_MACH,12
SND_SOC_INTEL_SOF_RT5682_MACH,12
SND_SOC_INTEL_SOF_CS42L42_MACH,6
SND_SOC_INTEL_SOF_PCM512x_MACH,6
SND_SOC_INTEL_SOF_ES8336_MACH,10
SND_SOC_INTEL_SOF_NAU8825_MACH,6
SND_SOC_INTEL_CML_LP_DA7219_MAX98357A_MACH,6
SND_SOC_INTEL_SOF_CML_RT1011_RT5682_MACH,6
SND_SOC_INTEL_SOF_DA7219_MACH,6
SND_SOC_INTEL_SOF_SSP_AMP_MACH,6
SND_SOC_INTEL_EHL_RT5660_MACH,6
SND_SOC_INTEL_SOUNDWIRE_SOF_MACH,12
SND_SOC_MTK_BTCVSD,4
SND_SOC_SDCA,6
SND_SOC_SDCA_HID,6
SND_SOC_SDCA_IRQ,6
SND_SOC_SDCA_OPTIONAL,6
SND_SOC_XILINX_I2S,4
SND_SOC_XILINX_AUDIO_FORMATTER,4
SND_SOC_XILINX_SPDIF,4
SND_SOC_XTFPGA_I2S,4
SND_SOC_SOF_TOPLEVEL,12
SND_SOC_SOF_PCI_DEV,10
SND_SOC_SOF_PCI,12
SND_SOC_SOF_ACPI,6
SND_SOC_SOF_ACPI_DEV,6
SND_SOC_SOF_DEBUG_PROBES,10
SND_SOC_SOF_CLIENT,10
SND_SOC_SOF,12
SND_SOC_SOF_PROBE_WORK_QUEUE,12
SND_SOC_SOF_IPC3,10
SND_SOC_SOF_IPC4,6
SND_SOC_SOF_AMD_TOPLEVEL,6
SND_SOC_SOF_AMD_COMMON,6
SND_SOC_SOF_AMD_RENOIR,6
SND_SOC_SOF_AMD_VANGOGH,6
SND_SOC_SOF_AMD_REMBRANDT,6
SND_SOC_SOF_ACP_PROBES,6
SND_SOC_SOF_AMD_SOUNDWIRE_LINK_BASELINE,6
SND_SOC_SOF_AMD_SOUNDWIRE,6
SND_SOC_SOF_AMD_ACP63,6
SND_SOC_SOF_AMD_ACP70,6
SND_SOC_SOF_INTEL_TOPLEVEL,12
SND_SOC_SOF_INTEL_HIFI_EP_IPC,12
SND_SOC_SOF_INTEL_ATOM_HIFI_EP,12
SND_SOC_SOF_INTEL_COMMON,12
SND_SOC_SOF_BAYTRAIL,6
SND_SOC_SOF_MERRIFIELD,12
SND_SOC_SOF_INTEL_APL,10
SND_SOC_SOF_APOLLOLAKE,12
SND_SOC_SOF_GEMINILAKE,12
SND_SOC_SOF_INTEL_CNL,10
SND_SOC_SOF_CANNONLAKE,12
SND_SOC_SOF_COFFEELAKE,12
SND_SOC_SOF_COMETLAKE,12
SND_SOC_SOF_INTEL_ICL,10
SND_SOC_SOF_ICELAKE,12
SND_SOC_SOF_JASPERLAKE,12
SND_SOC_SOF_INTEL_TGL,10
SND_SOC_SOF_TIGERLAKE,12
SND_SOC_SOF_ELKHARTLAKE,12
SND_SOC_SOF_ALDERLAKE,10
SND_SOC_SOF_INTEL_MTL,10
SND_SOC_SOF_METEORLAKE,10
SND_SOC_SOF_INTEL_LNL,6
SND_SOC_SOF_LUNARLAKE,6
SND_SOC_SOF_INTEL_PTL,6
SND_SOC_SOF_PANTHERLAKE,6
SND_SOC_SOF_HDA_COMMON,12
SND_SOC_SOF_HDA_GENERIC,6
SND_SOC_SOF_HDA_MLINK,6
SND_SOC_SOF_HDA_LINK,12
SND_SOC_SOF_HDA_AUDIO_CODEC,12
SND_SOF_SOF_HDA_SDW_BPT,6
SND_SOC_SOF_HDA_LINK_BASELINE,12
SND_SOC_SOF_HDA,12
SND_SOC_SOF_HDA_PROBES,10
SND_SOC_SOF_INTEL_SOUNDWIRE_LINK_BASELINE,12
SND_SOC_SOF_INTEL_SOUNDWIRE,12
SND_SOC_SOF_XTENSA,12
SND_SOC_I2C_AND_SPI,12
SND_SOC_ARIZONA,6
SND_SOC_WM_ADSP,10
SND_SOC_AC97_CODEC,6
SND_SOC_ADAU_UTILS,6
SND_SOC_ADAU1372,4
SND_SOC_ADAU1372_I2C,4
SND_SOC_ADAU1372_SPI,4
SND_SOC_ADAU1373,6
SND_SOC_ADAU1701,4
SND_SOC_ADAU17X1,6
SND_SOC_ADAU1761,6
SND_SOC_ADAU1761_I2C,6
SND_SOC_ADAU1761_SPI,6
SND_SOC_ADAU7002,12
SND_SOC_ADAU7118,6
SND_SOC_ADAU7118_HW,6
SND_SOC_ADAU7118_I2C,6
SND_SOC_AK4104,4
SND_SOC_AK4118,4
SND_SOC_AK4375,4
SND_SOC_AK4458,4
SND_SOC_AK4554,4
SND_SOC_AK4613,4
SND_SOC_AK4619,6
SND_SOC_AK4642,4
SND_SOC_AK5386,4
SND_SOC_AK5558,6
SND_SOC_ALC5623,4
SND_SOC_AUDIO_IIO_AUX,6
SND_SOC_AW8738,6
SND_SOC_AW88395_LIB,6
SND_SOC_AW88395,6
SND_SOC_AW88166,6
SND_SOC_AW88261,6
SND_SOC_AW88081,6
SND_SOC_AW87390,6
SND_SOC_AW88399,6
SND_SOC_BD28623,6
SND_SOC_CHV3_CODEC,6
SND_SOC_CROS_EC_CODEC,6
SND_SOC_CS_AMP_LIB,6
SND_SOC_CS35L32,4
SND_SOC_CS35L33,4
SND_SOC_CS35L34,6
SND_SOC_CS35L35,6
SND_SOC_CS35L36,6
SND_SOC_CS35L41_LIB,10
SND_SOC_CS35L41,10
SND_SOC_CS35L41_SPI,10
SND_SOC_CS35L41_I2C,6
SND_SOC_CS35L45,6
SND_SOC_CS35L45_SPI,6
SND_SOC_CS35L45_I2C,6
SND_SOC_CS35L56,6
SND_SOC_CS35L56_SHARED,6
SND_SOC_CS35L56_I2C,6
SND_SOC_CS35L56_SPI,6
SND_SOC_CS35L56_SDW,6
SND_SOC_CS40L50,6
SND_SOC_CS42L42_CORE,6
SND_SOC_CS42L42,6
SND_SOC_CS42L42_SDW,6
SND_SOC_CS42L43,6
SND_SOC_CS42L43_SDW,6
SND_SOC_CS42L51,4
SND_SOC_CS42L51_I2C,4
SND_SOC_CS42L52,4
SND_SOC_CS42L56,4
SND_SOC_CS42L73,4
SND_SOC_CS42L83,6
SND_SOC_CS42L84,6
SND_SOC_CS4234,6
SND_SOC_CS4265,4
SND_SOC_CS4270,4
SND_SOC_CS4271,4
SND_SOC_CS4271_I2C,4
SND_SOC_CS4271_SPI,4
SND_SOC_CS42XX8,4
SND_SOC_CS42XX8_I2C,4
SND_SOC_CS43130,6
SND_SOC_CS4341,4
SND_SOC_CS4349,4
SND_SOC_CS48L32,6
SND_SOC_CS53L30,4
SND_SOC_CS530X,6
SND_SOC_CS530X_I2C,6
SND_SOC_CX2072X,12
SND_SOC_DA7213,12
SND_SOC_DA7219,12
SND_SOC_DMIC,12
SND_SOC_HDMI_CODEC,4
SND_SOC_ES7134,6
SND_SOC_ES7241,4
SND_SOC_ES83XX_DSM_COMMON,6
SND_SOC_ES8311,6
SND_SOC_ES8316,12
SND_SOC_ES8323,6
SND_SOC_ES8326,10
SND_SOC_ES8328,6
SND_SOC_ES8328_I2C,6
SND_SOC_ES8328_SPI,6
SND_SOC_ES8375,6
SND_SOC_ES8389,6
SND_SOC_FS_AMP_LIB,4
SND_SOC_FS210X,4
SND_SOC_GTM601,4
SND_SOC_HDAC_HDA,12
SND_SOC_HDA,6
SND_SOC_ICS43432,4
SND_SOC_IDT821034,6
SND_SOC_MAX98088,6
SND_SOC_MAX98090,12
SND_SOC_MAX98357A,12
SND_SOC_MAX98504,4
SND_SOC_MAX9867,6
SND_SOC_MAX98927,12
SND_SOC_MAX98520,6
SND_SOC_MAX98363,6
SND_SOC_MAX98373,12
SND_SOC_MAX98373_I2C,12
SND_SOC_MAX98373_SDW,12
SND_SOC_MAX98388,6
SND_SOC_MAX98390,12
SND_SOC_MAX98396,6
SND_SOC_MAX9860,4
SND_SOC_MSM8916_WCD_DIGITAL,4
SND_SOC_PCM1681,4
SND_SOC_PCM1754,6
SND_SOC_PCM1789,6
SND_SOC_PCM1789_I2C,6
SND_SOC_PCM179X,4
SND_SOC_PCM179X_I2C,4
SND_SOC_PCM179X_SPI,4
SND_SOC_PCM186X,6
SND_SOC_PCM186X_I2C,6
SND_SOC_PCM186X_SPI,6
SND_SOC_PCM3060,6
SND_SOC_PCM3060_I2C,6
SND_SOC_PCM3060_SPI,6
SND_SOC_PCM3168A,6
SND_SOC_PCM3168A_I2C,6
SND_SOC_PCM3168A_SPI,4
SND_SOC_PCM5102A,4
SND_SOC_PCM512x,6
SND_SOC_PCM512x_I2C,6
SND_SOC_PCM512x_SPI,4
SND_SOC_PCM6240,6
SND_SOC_PEB2466,4
SND_SOC_PM4125,6
SND_SOC_PM4125_SDW,6
SND_SOC_RL6231,12
SND_SOC_RT_SDW_COMMON,6
SND_SOC_RL6347A,12
SND_SOC_RT274,6
SND_SOC_RT286,12
SND_SOC_RT298,6
SND_SOC_RT1011,10
SND_SOC_RT1015,12
SND_SOC_RT1015P,10
SND_SOC_RT1017_SDCA_SDW,6
SND_SOC_RT1019,6
SND_SOC_RT1308,12
SND_SOC_RT1308_SDW,12
SND_SOC_RT1316_SDW,10
SND_SOC_RT1318_SDW,6
SND_SOC_RT1320_SDW,6
SND_SOC_RT5514,12
SND_SOC_RT5616,4
SND_SOC_RT5631,4
SND_SOC_RT5640,12
SND_SOC_RT5645,12
SND_SOC_RT5651,12
SND_SOC_RT5659,6
SND_SOC_RT5660,6
SND_SOC_RT5663,12
SND_SOC_RT5670,12
SND_SOC_RT5677,12
SND_SOC_RT5677_SPI,12
SND_SOC_RT5682,12
SND_SOC_RT5682_I2C,12
SND_SOC_RT5682_SDW,12
SND_SOC_RT5682S,10
SND_SOC_RT700,12
SND_SOC_RT700_SDW,12
SND_SOC_RT711,12
SND_SOC_RT711_SDW,12
SND_SOC_RT711_SDCA_SDW,10
SND_SOC_RT712_SDCA_SDW,6
SND_SOC_RT712_SDCA_DMIC_SDW,6
SND_SOC_RT721_SDCA_SDW,6
SND_SOC_RT722_SDCA_SDW,6
SND_SOC_RT715,12
SND_SOC_RT715_SDW,12
SND_SOC_RT715_SDCA_SDW,10
SND_SOC_RT9120,4
SND_SOC_RT9123,6
SND_SOC_RT9123P,6
SND_SOC_RTQ9124,6
SND_SOC_RTQ9128,6
SND_SOC_SGTL5000,4
SND_SOC_SI476X,4
SND_SOC_SIGMADSP,6
SND_SOC_SIGMADSP_I2C,4
SND_SOC_SIGMADSP_REGMAP,6
SND_SOC_SIMPLE_AMPLIFIER,6
SND_SOC_SIMPLE_MUX,6
SND_SOC_SMA1303,6
SND_SOC_SMA1307,6
SND_SOC_SPDIF,6
SND_SOC_SRC4XXX_I2C,4
SND_SOC_SRC4XXX,4
SND_SOC_SSM2305,4
SND_SOC_SSM2518,4
SND_SOC_SSM2602,4
SND_SOC_SSM2602_SPI,4
SND_SOC_SSM2602_I2C,4
SND_SOC_SSM4567,12
SND_SOC_STA32X,4
SND_SOC_STA350,4
SND_SOC_STI_SAS,4
SND_SOC_TAS2552,4
SND_SOC_TAS2562,6
SND_SOC_TAS2764,6
SND_SOC_TAS2770,6
SND_SOC_TAS2780,6
SND_SOC_TAS2781_COMLIB,6
SND_SOC_TAS2781_COMLIB_I2C,6
SND_SOC_TAS2781_FMWLIB,6
SND_SOC_TAS2781_I2C,6
SND_SOC_TAS2783_SDW,6
SND_SOC_TAS5086,4
SND_SOC_TAS571X,4
SND_SOC_TAS5720,4
SND_SOC_TAS5805M,6
SND_SOC_TAS6424,6
SND_SOC_TDA7419,6
SND_SOC_TFA9879,4
SND_SOC_TFA989X,4
SND_SOC_TLV320ADC3XXX,6
SND_SOC_TLV320AIC23,4
SND_SOC_TLV320AIC23_I2C,4
SND_SOC_TLV320AIC23_SPI,4
SND_SOC_TLV320AIC31XX,4
SND_SOC_TLV320AIC32X4,6
SND_SOC_TLV320AIC32X4_I2C,6
SND_SOC_TLV320AIC32X4_SPI,6
SND_SOC_TLV320AIC3X,4
SND_SOC_TLV320AIC3X_I2C,4
SND_SOC_TLV320AIC3X_SPI,4
SND_SOC_TLV320ADCX140,6
SND_SOC_TS3A227E,12
SND_SOC_TSCS42XX,6
SND_SOC_TSCS454,4
SND_SOC_UDA1334,4
SND_SOC_UDA1342,6
SND_SOC_WCD_CLASSH,6
SND_SOC_WCD_COMMON,6
SND_SOC_WCD9335,4
SND_SOC_WCD_MBHC,6
SND_SOC_WCD934X,4
SND_SOC_WCD937X,6
SND_SOC_WCD937X_SDW,6
SND_SOC_WCD938X,4
SND_SOC_WCD938X_SDW,4
SND_SOC_WCD939X,6
SND_SOC_WCD939X_SDW,6
SND_SOC_WM5102,6
SND_SOC_WM8510,4
SND_SOC_WM8523,4
SND_SOC_WM8524,6
SND_SOC_WM8580,4
SND_SOC_WM8711,4
SND_SOC_WM8728,4
SND_SOC_WM8731,6
SND_SOC_WM8731_I2C,6
SND_SOC_WM8731_SPI,6
SND_SOC_WM8737,4
SND_SOC_WM8741,4
SND_SOC_WM8750,4
SND_SOC_WM8753,4
SND_SOC_WM8770,4
SND_SOC_WM8776,4
SND_SOC_WM8782,4
SND_SOC_WM8804,6
SND_SOC_WM8804_I2C,6
SND_SOC_WM8804_SPI,4
SND_SOC_WM8903,4
SND_SOC_WM8904,4
SND_SOC_WM8940,6
SND_SOC_WM8960,4
SND_SOC_WM8961,6
SND_SOC_WM8962,4
SND_SOC_WM8974,4
SND_SOC_WM8978,4
SND_SOC_WM8985,4
SND_SOC_WM8998,4
SND_SOC_WSA881X,4
SND_SOC_WSA883X,6
SND_SOC_WSA884X,6
SND_SOC_ZL38060,6
SND_SOC_MAX9759,6
SND_SOC_MT6351,4
SND_SOC_MT6357,6
SND_SOC_MT6358,4
SND_SOC_MT6660,4
SND_SOC_NAU8315,6
SND_SOC_NAU8325,4
SND_SOC_NAU8540,6
SND_SOC_NAU8810,4
SND_SOC_NAU8821,10
SND_SOC_NAU8822,4
SND_SOC_NAU8824,12
SND_SOC_NAU8825,12
SND_SOC_NTPFW,6
SND_SOC_NTP8918,6
SND_SOC_NTP8835,6
SND_SOC_TPA6130A2,4
SND_SOC_LPASS_MACRO_COMMON,4
SND_SOC_LPASS_WSA_MACRO,4
SND_SOC_LPASS_VA_MACRO,4
SND_SOC_LPASS_RX_MACRO,4
SND_SOC_LPASS_TX_MACRO,4
SND_SOC_SDW_UTILS,6
SND_SIMPLE_CARD_UTILS,6
SND_SIMPLE_CARD,6
SND_X86,12
HDMI_LPE_AUDIO,12
SND_SYNTH_EMUX,12
SND_XEN_FRONTEND,12
SND_VIRTIO,6
AC97_BUS,12
HID_SUPPORT,6
HID,12
HID_BATTERY_STRENGTH,12
HIDRAW,12
UHID,12
HID_GENERIC,12
HID_HAPTIC,6
HID_A4TECH,12
HID_ACCUTOUCH,12
HID_ACRUX,12
HID_ACRUX_FF,12
HID_APPLE,12
HID_APPLEIR,12
HID_APPLETB_BL,4
HID_APPLETB_KBD,4
HID_ASUS,12
HID_AUREAL,12
HID_BELKIN,12
HID_BETOP_FF,12
HID_BIGBEN_FF,12
HID_CHERRY,12
HID_CHICONY,12
HID_CORSAIR,12
HID_COUGAR,12
HID_MACALLY,12
HID_PRODIKEYS,12
HID_CMEDIA,12
HID_CP2112,12
HID_CREATIVE_SB0540,10
HID_CYPRESS,12
HID_DRAGONRISE,12
DRAGONRISE_FF,12
HID_EMS_FF,12
HID_ELAN,12
HID_ELECOM,12
HID_ELO,12
HID_EVISION,6
HID_EZKEY,12
HID_FT260,10
HID_GEMBIRD,12
HID_GFRM,12
HID_GLORIOUS,10
HID_HOLTEK,12
HOLTEK_FF,12
HID_VIVALDI_COMMON,10
HID_GOODIX_SPI,6
HID_GOOGLE_HAMMER,8
HID_GOOGLE_STADIA_FF,6
HID_VIVALDI,10
HID_GT683R,12
HID_KEYTOUCH,12
HID_KYE,12
HID_KYSONA,6
HID_UCLOGIC,12
HID_WALTOP,12
HID_VIEWSONIC,12
HID_VRC2,4
HID_XIAOMI,6
HID_GYRATION,12
HID_ICADE,12
HID_ITE,12
HID_JABRA,12
HID_TWINHAN,12
HID_KENSINGTON,12
HID_LCPOWER,12
HID_LED,12
HID_LENOVO,12
HID_LETSKETCH,6
HID_LOGITECH,12
HID_LOGITECH_DJ,12
HID_LOGITECH_HIDPP,12
LOGITECH_FF,12
LOGIRUMBLEPAD2_FF,12
LOGIG940_FF,12
LOGIWHEELS_FF,12
HID_MAGICMOUSE,12
HID_MALTRON,12
HID_MAYFLASH,12
HID_MEGAWORLD_FF,6
HID_REDRAGON,10
HID_MICROSOFT,12
HID_MONTEREY,12
HID_MULTITOUCH,12
HID_NINTENDO,10
NINTENDO_FF,10
HID_NTI,12
HID_NTRIG,12
HID_NVIDIA_SHIELD,6
NVIDIA_SHIELD_FF,6
HID_ORTEK,12
HID_PANTHERLORD,12
PANTHERLORD_FF,12
HID_PENMOUNT,12
HID_PETALYNX,12
HID_PICOLCD,12
HID_PICOLCD_FB,12
HID_PICOLCD_BACKLIGHT,12
HID_PICOLCD_LCD,6
HID_PICOLCD_LEDS,12
HID_PICOLCD_CIR,10
HID_PLANTRONICS,12
HID_PLAYSTATION,10
PLAYSTATION_FF,10
HID_PXRC,6
HID_RAZER,6
HID_PRIMAX,12
HID_RETRODE,12
HID_ROCCAT,12
HID_SAITEK,12
HID_SAMSUNG,12
HID_SEMITEK,10
HID_SIGMAMICRO,6
HID_SONY,12
SONY_FF,12
HID_SPEEDLINK,12
HID_STEAM,12
STEAM_FF,6
HID_STEELSERIES,12
HID_SUNPLUS,12
HID_RMI,12
HID_GREENASIA,12
GREENASIA_FF,12
HID_HYPERV_MOUSE,12
HID_SMARTJOYPLUS,12
SMARTJOYPLUS_FF,12
HID_TIVO,12
HID_TOPSEED,12
HID_TOPRE,6
HID_THINGM,12
HID_THRUSTMASTER,12
THRUSTMASTER_FF,12
HID_UDRAW_PS3,12
HID_U2FZERO,12
HID_UNIVERSAL_PIDFF,6
HID_WACOM,12
HID_WIIMOTE,12
HID_WINWING,6
HID_XINMO,12
HID_ZEROPLUS,12
ZEROPLUS_FF,12
HID_ZYDACRON,12
HID_SENSOR_HUB,12
HID_SENSOR_CUSTOM_SENSOR,10
HID_ALPS,12
HID_MCP2200,4
HID_MCP2221,10
HID_BPF,6
I2C_HID,8
I2C_HID_ACPI,10
I2C_HID_OF,6
I2C_HID_CORE,10
INTEL_ISH_HID,12
INTEL_ISH_FIRMWARE_DOWNLOADER,6
AMD_SFH_HID,10
SURFACE_HID,10
SURFACE_KBD,10
SURFACE_HID_CORE,10
INTEL_THC_HID,6
INTEL_QUICKSPI,6
INTEL_QUICKI2C,6
USB_HID,12
HID_PID,12
USB_HIDDEV,12
USB_OHCI_LITTLE_ENDIAN,12
USB_SUPPORT,12
USB_COMMON,12
USB_LED_TRIG,12
USB_ULPI_BUS,6
USB_CONN_GPIO,4
USB_ARCH_HAS_HCD,12
USB,12
USB_PCI,12
USB_PCI_AMD,6
USB_ANNOUNCE_NEW_DEVICES,12
USB_DEFAULT_PERSIST,12
USB_LEDS_TRIGGER_USBPORT,12
USB_AUTOSUSPEND_DELAY,12
USB_DEFAULT_AUTHORIZATION_MODE,6
USB_MON,12
USB_C67X00_HCD,4
USB_XHCI_HCD,12
USB_XHCI_DBGCAP,6
USB_XHCI_PCI,12
USB_XHCI_PCI_RENESAS,6
USB_XHCI_PLATFORM,6
USB_XHCI_SIDEBAND,4
USB_EHCI_HCD,12
USB_EHCI_ROOT_HUB_TT,12
USB_EHCI_TT_NEWSCHED,12
USB_EHCI_PCI,12
USB_EHCI_FSL,4
USB_EHCI_HCD_PLATFORM,4
USB_OXU210HP_HCD,4
USB_ISP116X_HCD,4
USB_MAX3421_HCD,4
USB_OHCI_HCD,12
USB_OHCI_HCD_PCI,12
USB_OHCI_HCD_PLATFORM,4
USB_UHCI_HCD,12
USB_SL811_HCD,12
USB_SL811_CS,10
USB_R8A66597_HCD,4
USB_HCD_BCMA,4
USB_HCD_SSB,4
USB_XEN_HCD,6
USB_ACM,12
USB_PRINTER,12
USB_WDM,12
USB_TMC,12
USB_STORAGE,12
USB_STORAGE_REALTEK,12
REALTEK_AUTOPM,12
USB_STORAGE_DATAFAB,12
USB_STORAGE_FREECOM,12
USB_STORAGE_ISD200,12
USB_STORAGE_USBAT,12
USB_STORAGE_SDDR09,12
USB_STORAGE_SDDR55,12
USB_STORAGE_JUMPSHOT,12
USB_STORAGE_ALAUDA,12
USB_STORAGE_ONETOUCH,12
USB_STORAGE_KARMA,12
USB_STORAGE_CYPRESS_ATACB,12
USB_STORAGE_ENE_UB6250,12
USB_UAS,12
USB_MDC800,12
USB_MICROTEK,12
USBIP_CORE,12
USBIP_VHCI_HCD,12
USBIP_VHCI_HC_PORTS,12
USBIP_VHCI_NR_HCS,12
USBIP_HOST,12
USBIP_VUDC,12
USB_CDNS_SUPPORT,6
USB_CDNS_HOST,4
USB_CDNS3,4
USB_CDNS3_GADGET,4
USB_CDNS3_HOST,4
USB_CDNS3_PCI_WRAP,4
USB_CDNSP_PCI,6
USB_CDNSP_GADGET,4
USB_CDNSP_HOST,4
USB_MUSB_HDRC,4
USB_MUSB_DUAL_ROLE,4
USB_DWC3,6
USB_DWC3_ULPI,4
USB_DWC3_DUAL_ROLE,4
USB_DWC3_PCI,6
USB_DWC3_HAPS,4
USB_DWC2,4
USB_DWC2_DUAL_ROLE,4
USB_DWC2_PCI,4
USB_CHIPIDEA,4
USB_CHIPIDEA_UDC,4
USB_CHIPIDEA_HOST,4
USB_CHIPIDEA_PCI,4
USB_CHIPIDEA_MSM,4
USB_CHIPIDEA_NPCM,4
USB_CHIPIDEA_GENERIC,4
USB_ISP1760,4
USB_ISP1760_HCD,4
USB_ISP1761_UDC,4
USB_ISP1760_DUAL_ROLE,4
USB_SERIAL,12
USB_SERIAL_CONSOLE,6
USB_SERIAL_GENERIC,12
USB_SERIAL_SIMPLE,12
USB_SERIAL_AIRCABLE,12
USB_SERIAL_ARK3116,12
USB_SERIAL_BELKIN,12
USB_SERIAL_CH341,12
USB_SERIAL_WHITEHEAT,12
USB_SERIAL_DIGI_ACCELEPORT,12
USB_SERIAL_CP210X,12
USB_SERIAL_CYPRESS_M8,12
USB_SERIAL_EMPEG,12
USB_SERIAL_FTDI_SIO,12
USB_SERIAL_VISOR,12
USB_SERIAL_IPAQ,12
USB_SERIAL_IR,12
USB_SERIAL_EDGEPORT,12
USB_SERIAL_EDGEPORT_TI,12
USB_SERIAL_F81232,12
USB_SERIAL_F8153X,12
USB_SERIAL_GARMIN,12
USB_SERIAL_IPW,12
USB_SERIAL_IUU,12
USB_SERIAL_KEYSPAN_PDA,12
USB_SERIAL_KEYSPAN,12
USB_SERIAL_KLSI,12
USB_SERIAL_KOBIL_SCT,12
USB_SERIAL_MCT_U232,12
USB_SERIAL_METRO,10
USB_SERIAL_MOS7720,12
USB_SERIAL_MOS7715_PARPORT,12
USB_SERIAL_MOS7840,12
USB_SERIAL_MXUPORT,10
USB_SERIAL_NAVMAN,12
USB_SERIAL_PL2303,12
USB_SERIAL_OTI6858,12
USB_SERIAL_QCAUX,12
USB_SERIAL_QUALCOMM,12
USB_SERIAL_SPCP8X5,12
USB_SERIAL_SAFE,12
USB_SERIAL_SIERRAWIRELESS,12
USB_SERIAL_SYMBOL,12
USB_SERIAL_TI,12
USB_SERIAL_CYBERJACK,12
USB_SERIAL_WWAN,12
USB_SERIAL_OPTION,12
USB_SERIAL_OMNINET,12
USB_SERIAL_OPTICON,12
USB_SERIAL_XSENS_MT,12
USB_SERIAL_WISHBONE,10
USB_SERIAL_SSU100,12
USB_SERIAL_QT2,12
USB_SERIAL_UPD78F0730,12
USB_SERIAL_XR,10
USB_SERIAL_DEBUG,12
USB_USS720,12
USB_EMI62,12
USB_EMI26,12
USB_ADUTUX,12
USB_SEVSEG,12
USB_LEGOTOWER,12
USB_LCD,12
USB_CYPRESS_CY7C63,10
USB_CYTHERM,10
USB_IDMOUSE,12
USB_APPLEDISPLAY,12
APPLE_MFI_FASTCHARGE,12
USB_LJCA,6
USB_USBIO,6
USB_SISUSBVGA,12
USB_LD,12
USB_TRANCEVIBRATOR,12
USB_IOWARRIOR,12
USB_TEST,10
USB_EHSET_TEST_FIXTURE,10
USB_ISIGHTFW,12
USB_YUREX,12
USB_EZUSB_FX2,12
USB_HUB_USB251XB,6
USB_HSIC_USB3503,6
USB_HSIC_USB4604,6
USB_LINK_LAYER_TEST,4
USB_CHAOSKEY,12
USB_ATM,12
USB_SPEEDTOUCH,12
USB_CXACRU,12
USB_UEAGLEATM,12
USB_XUSBATM,12
USB_PHY,6
NOP_USB_XCEIV,6
USB_GPIO_VBUS,4
TAHVO_USB,4
USB_ISP1301,4
USB_GADGET,12
USB_GADGET_VBUS_DRAW,12
USB_GADGET_STORAGE_NUM_BUFFERS,12
U_SERIAL_CONSOLE,6
USB_GR_UDC,4
USB_R8A66597,4
USB_PXA27X,4
USB_SNP_CORE,4
USB_M66592,4
USB_BDC_UDC,4
USB_AMD5536UDC,4
USB_NET2280,10
USB_GOKU,4
USB_EG20T,10
USB_MAX3420_UDC,6
USB_CDNS2_UDC,6
USB_DUMMY_HCD,12
USB_LIBCOMPOSITE,12
USB_F_ACM,12
USB_F_SS_LB,10
USB_U_SERIAL,12
USB_U_ETHER,12
USB_U_AUDIO,10
USB_F_SERIAL,12
USB_F_OBEX,10
USB_F_NCM,12
USB_F_ECM,12
USB_F_PHONET,10
USB_F_EEM,12
USB_F_SUBSET,12
USB_F_RNDIS,10
USB_F_MASS_STORAGE,12
USB_F_FS,12
USB_F_UAC1,10
USB_F_UAC1_LEGACY,4
USB_F_UAC2,10
USB_F_UVC,10
USB_F_MIDI,10
USB_F_MIDI2,6
USB_F_HID,12
USB_F_PRINTER,10
USB_F_TCM,6
USB_CONFIGFS,12
USB_CONFIGFS_SERIAL,12
USB_CONFIGFS_ACM,12
USB_CONFIGFS_OBEX,10
USB_CONFIGFS_NCM,12
USB_CONFIGFS_ECM,12
USB_CONFIGFS_ECM_SUBSET,12
USB_CONFIGFS_RNDIS,10
USB_CONFIGFS_EEM,12
USB_CONFIGFS_PHONET,10
USB_CONFIGFS_MASS_STORAGE,12
USB_CONFIGFS_F_LB_SS,10
USB_CONFIGFS_F_FS,12
USB_CONFIGFS_F_UAC1,10
USB_CONFIGFS_F_UAC1_LEGACY,4
USB_CONFIGFS_F_UAC2,10
USB_CONFIGFS_F_MIDI,10
USB_CONFIGFS_F_MIDI2,6
USB_CONFIGFS_F_HID,12
USB_CONFIGFS_F_UVC,10
USB_CONFIGFS_F_PRINTER,10
USB_CONFIGFS_F_TCM,6
USB_ZERO,4
USB_AUDIO,4
USB_ETH,10
USB_ETH_RNDIS,10
USB_ETH_EEM,4
USB_G_NCM,4
USB_GADGETFS,10
USB_FUNCTIONFS,10
USB_FUNCTIONFS_ETH,10
USB_FUNCTIONFS_RNDIS,10
USB_FUNCTIONFS_GENERIC,10
USB_MASS_STORAGE,4
USB_GADGET_TARGET,4
USB_G_SERIAL,10
USB_MIDI_GADGET,4
USB_G_PRINTER,4
USB_CDC_COMPOSITE,4
USB_G_NOKIA,4
USB_G_ACM_MS,4
USB_G_MULTI,4
USB_G_MULTI_RNDIS,4
USB_G_MULTI_CDC,4
USB_G_HID,4
USB_G_DBGP,4
USB_G_DBGP_SERIAL,4
USB_G_WEBCAM,4
USB_RAW_GADGET,4
TYPEC,12
TYPEC_TCPM,12
TYPEC_TCPCI,6
TYPEC_RT1711H,4
TYPEC_MT6360,4
TYPEC_TCPCI_MT6370,4
TYPEC_TCPCI_MAXIM,6
TYPEC_FUSB302,12
TYPEC_WCOVE,6
TYPEC_UCSI,12
UCSI_CCG,6
UCSI_ACPI,12
UCSI_STM32G0,6
CROS_EC_UCSI,6
TYPEC_TPS6598X,12
TYPEC_ANX7411,4
TYPEC_RT1719,6
TYPEC_HD3SS3220,6
TYPEC_STUSB160X,6
TYPEC_WUSB3801,6
TYPEC_MUX_FSA4480,6
TYPEC_MUX_GPIO_SBU,6
TYPEC_MUX_PI3USB30532,12
TYPEC_MUX_INTEL_PMC,6
TYPEC_MUX_IT5205,6
TYPEC_MUX_NB7VPQ904M,6
TYPEC_MUX_PS883X,6
TYPEC_MUX_PTN36502,6
TYPEC_MUX_TUSB1046,6
TYPEC_MUX_WCD939X_USBSS,4
TYPEC_DP_ALTMODE,12
TYPEC_NVIDIA_ALTMODE,12
TYPEC_TBT_ALTMODE,6
USB_ROLE_SWITCH,12
USB_ROLES_INTEL_XHCI,12
MMC,12
MMC_BLOCK,12
MMC_BLOCK_MINORS,12
SDIO_UART,12
MMC_TEST,4
MMC_CRYPTO,4
MMC_SDHCI,12
MMC_SDHCI_IO_ACCESSORS,12
MMC_SDHCI_UHS2,6
MMC_SDHCI_PCI,12
MMC_RICOH_MMC,12
MMC_SDHCI_ACPI,12
MMC_SDHCI_PLTFM,6
MMC_SDHCI_F_SDH30,4
MMC_WBSD,12
MMC_ALCOR,6
MMC_TIFM_SD,12
MMC_SPI,4
MMC_SDRICOH_CS,12
MMC_CB710,12
MMC_VIA_SDMMC,12
MMC_VUB300,12
MMC_USHC,12
MMC_USDHI6ROL0,4
MMC_REALTEK_PCI,12
MMC_REALTEK_USB,12
MMC_CQHCI,12
MMC_HSQ,6
MMC_TOSHIBA_PCI,12
MMC_MTK,4
MMC_SDHCI_XENON,6
SCSI_UFSHCD,12
SCSI_UFS_BSG,6
SCSI_UFS_CRYPTO,6
SCSI_UFS_HWMON,6
SCSI_UFSHCD_PCI,12
SCSI_UFSHCD_PLATFORM,6
SCSI_UFS_CDNS_PLATFORM,6
MEMSTICK,12
MSPRO_BLOCK,12
MS_BLOCK,4
MEMSTICK_TIFM_MS,12
MEMSTICK_JMICRON_38X,12
MEMSTICK_R592,12
MEMSTICK_REALTEK_USB,12
LEDS_EXPRESSWIRE,4
NEW_LEDS,12
LEDS_CLASS,12
LEDS_CLASS_FLASH,6
LEDS_CLASS_MULTICOLOR,10
LEDS_BRIGHTNESS_HW_CHANGED,12
LEDS_88PM860X,4
LEDS_APU,12
LEDS_AW200XX,6
LEDS_CHT_WCOVE,6
LEDS_CROS_EC,6
LEDS_LM3530,6
LEDS_LM3532,6
LEDS_LM3533,4
LEDS_LM3642,4
LEDS_MT6323,4
LEDS_PCA9532,6
LEDS_PCA9532_GPIO,6
LEDS_GPIO,12
LEDS_LP3944,12
LEDS_LP3952,6
LEDS_LP50XX,6
LEDS_LP8788,4
LEDS_PCA955X,10
LEDS_PCA955X_GPIO,4
LEDS_PCA963X,4
LEDS_PCA995X,6
LEDS_QNAP_MCU,6
LEDS_WM831X_STATUS,4
LEDS_WM8350,4
LEDS_DA903X,4
LEDS_DA9052,4
LEDS_DAC124S085,10
LEDS_PWM,4
LEDS_REGULATOR,10
LEDS_BD2606MVV,4
LEDS_BD2802,10
LEDS_INTEL_SS4200,12
LEDS_LT3593,10
LEDS_ADP5520,4
LEDS_MC13783,4
LEDS_TCA6507,4
LEDS_TLC591XX,4
LEDS_MAX77705,6
LEDS_MAX8997,4
LEDS_LM355x,4
LEDS_MENF21BMC,10
LEDS_IS31FL319X,4
LEDS_UPBOARD,6
LEDS_BLINKM,6
LEDS_BLINKM_MULTICOLOR,6
LEDS_MLXCPLD,6
LEDS_MLXREG,6
LEDS_USER,6
LEDS_NIC78BX,6
LEDS_SPI_BYTE,4
LEDS_TI_LMU_COMMON,4
LEDS_LM36274,4
LEDS_TPS6105X,4
LEDS_AS3645A,6
LEDS_LM3601X,6
LEDS_MT6370_FLASH,4
LEDS_RT8515,4
LEDS_SGM3140,4
LEDS_KTD202X,6
LEDS_PWM_MULTICOLOR,6
LEDS_MT6370_RGB,4
LEDS_TRIGGERS,12
LEDS_TRIGGER_TIMER,12
LEDS_TRIGGER_ONESHOT,12
LEDS_TRIGGER_DISK,12
LEDS_TRIGGER_MTD,12
LEDS_TRIGGER_HEARTBEAT,12
LEDS_TRIGGER_BACKLIGHT,12
LEDS_TRIGGER_CPU,10
LEDS_TRIGGER_ACTIVITY,12
LEDS_TRIGGER_GPIO,12
LEDS_TRIGGER_DEFAULT_ON,12
LEDS_TRIGGER_TRANSIENT,12
LEDS_TRIGGER_CAMERA,12
LEDS_TRIGGER_PANIC,12
LEDS_TRIGGER_NETDEV,12
LEDS_TRIGGER_PATTERN,12
LEDS_TRIGGER_TTY,6
LEDS_TRIGGER_INPUT_EVENTS,6
LEDS_SIEMENS_SIMATIC_IPC,8
LEDS_SIEMENS_SIMATIC_IPC_APOLLOLAKE,4
LEDS_SIEMENS_SIMATIC_IPC_F7188X,4
LEDS_SIEMENS_SIMATIC_IPC_ELKHARTLAKE,4
ACCESSIBILITY,12
A11Y_BRAILLE_CONSOLE,12
SPEAKUP,12
SPEAKUP_SYNTH_ACNTSA,12
SPEAKUP_SYNTH_APOLLO,12
SPEAKUP_SYNTH_AUDPTR,12
SPEAKUP_SYNTH_BNS,12
SPEAKUP_SYNTH_DECTLK,12
SPEAKUP_SYNTH_DECEXT,10
SPEAKUP_SYNTH_LTLK,12
SPEAKUP_SYNTH_SOFT,12
SPEAKUP_SYNTH_SPKOUT,12
SPEAKUP_SYNTH_TXPRT,12
SPEAKUP_SYNTH_DUMMY,10
INFINIBAND,12
INFINIBAND_USER_MAD,12
INFINIBAND_USER_ACCESS,12
INFINIBAND_USER_MEM,12
INFINIBAND_ON_DEMAND_PAGING,12
INFINIBAND_ADDR_TRANS,12
INFINIBAND_ADDR_TRANS_CONFIGFS,12
INFINIBAND_VIRT_DMA,12
INFINIBAND_BNXT_RE,6
INFINIBAND_CXGB4,12
INFINIBAND_EFA,6
INFINIBAND_ERDMA,6
INFINIBAND_HFI1,12
INFINIBAND_IONIC,6
INFINIBAND_IRDMA,10
MANA_INFINIBAND,6
MLX4_INFINIBAND,12
MLX5_INFINIBAND,12
INFINIBAND_MTHCA,12
INFINIBAND_MTHCA_DEBUG,12
INFINIBAND_OCRDMA,12
INFINIBAND_QEDR,12
INFINIBAND_USNIC,12
INFINIBAND_VMWARE_PVRDMA,6
INFINIBAND_RDMAVT,12
RDMA_RXE,12
RDMA_SIW,6
INFINIBAND_IPOIB,12
INFINIBAND_IPOIB_CM,12
INFINIBAND_IPOIB_DEBUG,12
INFINIBAND_SRP,12
INFINIBAND_SRPT,12
INFINIBAND_ISER,12
INFINIBAND_ISERT,12
INFINIBAND_RTRS,6
INFINIBAND_RTRS_CLIENT,6
INFINIBAND_RTRS_SERVER,6
INFINIBAND_OPA_VNIC,6
EDAC_ATOMIC_SCRUB,12
EDAC_SUPPORT,12
EDAC,12
EDAC_LEGACY_SYSFS,8
EDAC_DECODE_MCE,12
EDAC_GHES,6
EDAC_SCRUB,6
EDAC_ECS,6
EDAC_MEM_REPAIR,6
EDAC_AMD64,12
EDAC_E752X,12
EDAC_I82975X,12
EDAC_I3000,12
EDAC_I3200,12
EDAC_IE31200,12
EDAC_X38,12
EDAC_I5400,12
EDAC_I7CORE,12
EDAC_I5100,12
EDAC_I7300,12
EDAC_SBRIDGE,12
EDAC_SKX,12
EDAC_I10NM,12
EDAC_PND2,12
EDAC_IGEN6,10
RTC_LIB,12
RTC_MC146818_LIB,12
RTC_CLASS,12
RTC_HCTOSYS,12
RTC_HCTOSYS_DEVICE,12
RTC_SYSTOHC,12
RTC_SYSTOHC_DEVICE,12
RTC_NVMEM,12
RTC_INTF_SYSFS,12
RTC_INTF_PROC,12
RTC_INTF_DEV,12
RTC_INTF_DEV_UIE_EMUL,4
RTC_DRV_88PM860X,4
RTC_DRV_88PM80X,4
RTC_DRV_ABB5ZES3,4
RTC_DRV_ABEOZ9,6
RTC_DRV_ABX80X,6
RTC_DRV_DS1307,6
RTC_DRV_DS1307_CENTURY,4
RTC_DRV_DS1374,6
RTC_DRV_DS1374_WDT,6
RTC_DRV_DS1672,6
RTC_DRV_LP8788,4
RTC_DRV_MAX6900,6
RTC_DRV_MAX8907,4
RTC_DRV_MAX8925,4
RTC_DRV_MAX8998,4
RTC_DRV_MAX8997,4
RTC_DRV_MAX31335,6
RTC_DRV_NCT6694,4
RTC_DRV_RS5C372,6
RTC_DRV_ISL1208,6
RTC_DRV_ISL12022,6
RTC_DRV_X1205,6
RTC_DRV_PCF8523,6
RTC_DRV_PCF85363,4
RTC_DRV_PCF8563,6
RTC_DRV_PCF8583,6
RTC_DRV_M41T80,6
RTC_DRV_M41T80_WDT,6
RTC_DRV_BQ32K,6
RTC_DRV_PALMAS,4
RTC_DRV_TPS6586X,4
RTC_DRV_TPS6594,6
RTC_DRV_TPS65910,4
RTC_DRV_RC5T583,4
RTC_DRV_S35390A,4
RTC_DRV_FM3130,6
RTC_DRV_RX8010,6
RTC_DRV_RX8111,4
RTC_DRV_RX8581,6
RTC_DRV_RX8025,6
RTC_DRV_EM3027,6
RTC_DRV_RV3028,6
RTC_DRV_RV3032,6
RTC_DRV_RV8803,6
RTC_DRV_SD2405AL,4
RTC_DRV_SD3078,6
RTC_DRV_M41T93,6
RTC_DRV_M41T94,6
RTC_DRV_DS1302,4
RTC_DRV_DS1305,6
RTC_DRV_DS1343,6
RTC_DRV_DS1347,6
RTC_DRV_DS1390,6
RTC_DRV_MAX6916,6
RTC_DRV_R9701,6
RTC_DRV_RX4581,6
RTC_DRV_RS5C348,6
RTC_DRV_MAX6902,6
RTC_DRV_PCF2123,6
RTC_DRV_MCP795,6
RTC_I2C_AND_SPI,12
RTC_DRV_DS3232,6
RTC_DRV_DS3232_HWMON,4
RTC_DRV_PCF2127,6
RTC_DRV_PCF85063,6
RTC_DRV_RV3029C2,6
RTC_DRV_RV3029_HWMON,6
RTC_DRV_RX6110,4
RTC_DRV_CMOS,12
RTC_DRV_DS1286,6
RTC_DRV_DS1511,6
RTC_DRV_DS1553,6
RTC_DRV_DS1685_FAMILY,6
RTC_DRV_DS1685,6
RTC_DRV_DS1742,6
RTC_DRV_DS2404,6
RTC_DRV_DA9052,4
RTC_DRV_DA9055,4
RTC_DRV_DA9063,4
RTC_DRV_STK17TA8,6
RTC_DRV_M48T86,4
RTC_DRV_M48T35,6
RTC_DRV_M48T59,6
RTC_DRV_MSM6242,6
RTC_DRV_RP5C01,6
RTC_DRV_WM831X,4
RTC_DRV_WM8350,4
RTC_DRV_CROS_EC,6
RTC_DRV_FTRTC010,4
RTC_DRV_PCAP,4
RTC_DRV_MC13XXX,4
RTC_DRV_MT6397,4
RTC_DRV_GOLDFISH,4
RTC_DRV_WILCO_EC,4
RTC_DRV_HID_SENSOR_TIME,4
DMADEVICES,12
DMA_ENGINE,12
DMA_VIRTUAL_CHANNELS,12
DMA_ACPI,12
ALTERA_MSGDMA,6
INTEL_IDMA64,12
INTEL_IDXD_BUS,10
INTEL_IDXD,10
INTEL_IDXD_SVM,10
INTEL_IDXD_PERFMON,10
INTEL_IOATDMA,12
PLX_DMA,4
XILINX_DMA,4
XILINX_XDMA,6
AMD_AE4DMA,6
AMD_PTDMA,6
AMD_QDMA,6
QCOM_HIDMA_MGMT,4
QCOM_HIDMA,4
DW_DMAC_CORE,12
DW_DMAC,12
DW_DMAC_PCI,12
DW_EDMA,6
DW_EDMA_PCIE,6
HSU_DMA,12
SF_PDMA,4
INTEL_LDMA,4
ASYNC_TX_DMA,12
DMA_ENGINE_RAID,12
SYNC_FILE,12
UDMABUF,6
DMABUF_HEAPS,6
DMABUF_SYSFS_STATS,4
DMABUF_HEAPS_SYSTEM,6
DMABUF_HEAPS_CMA,6
DMABUF_HEAPS_CMA_LEGACY,2
DCA,12
UIO,12
UIO_CIF,10
UIO_PDRV_GENIRQ,4
UIO_DMEM_GENIRQ,4
UIO_AEC,10
UIO_SERCOS3,10
UIO_PCI_GENERIC,12
UIO_NETX,10
UIO_MF624,10
UIO_HV_GENERIC,12
UIO_DFL,6
VFIO,12
VFIO_DEVICE_CDEV,6
VFIO_GROUP,6
VFIO_CONTAINER,6
VFIO_IOMMU_TYPE1,12
VFIO_VIRQFD,12
VFIO_DEBUGFS,4
VFIO_PCI_CORE,10
VFIO_PCI_INTX,12
VFIO_PCI,12
VFIO_PCI_VGA,12
VFIO_PCI_IGD,12
MLX5_VFIO_PCI,6
PDS_VFIO_PCI,6
VIRTIO_VFIO_PCI,6
VIRTIO_VFIO_PCI_ADMIN_LEGACY,6
QAT_VFIO_PCI,6
VFIO_MDEV,12
IRQ_BYPASS_MANAGER,12
VIRT_DRIVERS,12
VMGENID,10
VBOXGUEST,12
NITRO_ENCLAVES,6
ACRN_HSM,6
EFI_SECRET,6
SEV_GUEST,10
TDX_GUEST_DRIVER,6
TSM_GUEST,6
TSM_REPORTS,6
TSM_MEASUREMENTS,6
VIRTIO_ANCHOR,10
VIRTIO,12
VIRTIO_PCI_LIB,10
VIRTIO_PCI_LIB_LEGACY,10
VIRTIO_MENU,12
VIRTIO_PCI,12
VIRTIO_PCI_ADMIN_LEGACY,6
VIRTIO_PCI_LEGACY,12
VIRTIO_VDPA,6
VIRTIO_PMEM,10
VIRTIO_BALLOON,12
VIRTIO_MEM,12
VIRTIO_INPUT,12
VIRTIO_MMIO,12
VIRTIO_MMIO_CMDLINE_DEVICES,6
VIRTIO_DMA_SHARED_BUFFER,12
VIRTIO_DEBUG,4
VIRTIO_RTC,6
VIRTIO_RTC_PTP,6
VIRTIO_RTC_CLASS,6
VDPA,6
VDPA_SIM,6
VDPA_SIM_NET,6
VDPA_SIM_BLOCK,6
VDPA_USER,6
IFCVF,6
MLX5_VDPA,6
MLX5_VDPA_NET,6
VP_VDPA,6
ALIBABA_ENI_VDPA,6
SNET_VDPA,6
PDS_VDPA,6
OCTEONEP_VDPA,6
VHOST_IOTLB,12
VHOST_RING,6
VHOST_TASK,6
VHOST,12
VHOST_MENU,12
VHOST_NET,12
VHOST_SCSI,12
VHOST_VSOCK,12
VHOST_VDPA,6
VHOST_ENABLE_FORK_OWNER_CONTROL,6
HYPERV,12
HYPERV_TIMER,12
HYPERV_UTILS,12
HYPERV_BALLOON,12
HYPERV_VMBUS,6
MSHV_ROOT,6
XEN_BALLOON,12
XEN_BALLOON_MEMORY_HOTPLUG,12
XEN_MEMORY_HOTPLUG_LIMIT,12
XEN_SCRUB_PAGES_DEFAULT,12
XEN_DEV_EVTCHN,12
XEN_BACKEND,12
XENFS,12
XEN_COMPAT_XENFS,12
XEN_SYS_HYPERVISOR,12
XEN_XENBUS_FRONTEND,12
XEN_GNTDEV,12
XEN_GNTDEV_DMABUF,4
XEN_GRANT_DEV_ALLOC,12
XEN_GRANT_DMA_ALLOC,4
SWIOTLB_XEN,12
XEN_PCI_STUB,10
XEN_PCIDEV_BACKEND,12
XEN_PVCALLS_FRONTEND,4
XEN_PVCALLS_BACKEND,4
XEN_SCSI_BACKEND,12
XEN_PRIVCMD,12
XEN_PRIVCMD_EVENTFD,6
XEN_ACPI_PROCESSOR,12
XEN_MCE_LOG,10
XEN_HAVE_PVMMU,12
XEN_EFI,12
XEN_AUTO_XLATE,12
XEN_ACPI,12
XEN_SYMS,12
XEN_HAVE_VPMU,12
XEN_FRONT_PGDIR_SHBUF,12
XEN_UNPOPULATED_ALLOC,12
XEN_GRANT_DMA_OPS,6
XEN_VIRTIO,6
STAGING,12
RTL8723BS,12
ADIS16203,4
AD7816,4
ADT7316,4
ADT7316_SPI,4
ADT7316_I2C,4
AD9832,4
AD9834,4
AD5933,4
STAGING_MEDIA,12
DVB_AV7110_IR,6
DVB_AV7110,6
DVB_AV7110_OSD,6
DVB_SP8870,6
VIDEO_IPU3_IMGU,6
VIDEO_INTEL_IPU7,6
MOST_COMPONENTS,4
MOST_NET,4
MOST_VIDEO,4
GPIB,6
GPIB_COMMON,6
GPIB_AGILENT_82350B,6
GPIB_AGILENT_82357A,6
GPIB_CEC_PCI,6
GPIB_NI_PCI_ISA,6
GPIB_CB7210,6
GPIB_NI_USB,6
GPIB_INES,6
GPIB_PCMCIA,6
GPIB_LPVO,6
GPIB_TMS9914,6
GPIB_NEC7210,6
CHROME_PLATFORMS,12
CHROMEOS_ACPI,10
CHROMEOS_LAPTOP,12
CHROMEOS_PSTORE,12
CHROMEOS_TBMC,6
CROS_EC,10
CROS_EC_I2C,6
CROS_EC_ISHTP,4
CROS_EC_SPI,6
CROS_EC_UART,6
CROS_EC_LPC,6
CROS_EC_PROTO,10
CROS_KBD_LED_BACKLIGHT,12
CROS_EC_CHARDEV,10
CROS_EC_LIGHTBAR,10
CROS_EC_DEBUGFS,8
CROS_EC_SENSORHUB,10
CROS_EC_SYSFS,10
CROS_EC_TYPEC_ALTMODES,6
CROS_EC_TYPEC,10
CROS_HPS_I2C,6
CROS_USBPD_LOGGER,6
CROS_USBPD_NOTIFY,10
CHROMEOS_PRIVACY_SCREEN,6
CROS_TYPEC_SWITCH,10
WILCO_EC,4
WILCO_EC_DEBUGFS,4
WILCO_EC_EVENTS,4
WILCO_EC_TELEMETRY,4
MELLANOX_PLATFORM,6
MLX_PLATFORM,6
MLXREG_DPU,6
MLXREG_HOTPLUG,6
MLXREG_IO,6
MLXREG_LC,6
NVSW_SN2201,6
SURFACE_PLATFORMS,10
SURFACE3_WMI,12
SURFACE_3_POWER_OPREGION,10
SURFACE_ACPI_NOTIFY,10
SURFACE_AGGREGATOR_CDEV,6
SURFACE_AGGREGATOR_HUB,6
SURFACE_AGGREGATOR_REGISTRY,10
SURFACE_AGGREGATOR_TABLET_SWITCH,6
SURFACE_DTX,10
SURFACE_GPE,10
SURFACE_HOTPLUG,10
SURFACE_PLATFORM_PROFILE,10
SURFACE_PRO3_BUTTON,12
SURFACE_AGGREGATOR,10
SURFACE_AGGREGATOR_BUS,10
X86_PLATFORM_DEVICES,12
ACPI_WMI,12
WMI_BMOF,12
HUAWEI_WMI,12
MXM_WMI,12
NVIDIA_WMI_EC_BACKLIGHT,10
XIAOMI_WMI,10
REDMI_WMI,6
GIGABYTE_WMI,10
ACERHDF,12
ACER_WIRELESS,12
ACER_WMI,12
AMD_HSMP,6
AMD_HSMP_ACPI,6
AMD_HSMP_PLAT,6
AMD_PMF,6
AMD_PMC,10
AMD_MP2_STB,6
AMD_HFI,6
AMD_3D_VCACHE,6
AMD_WBRF,6
AMD_ISP_PLATFORM,6
ADV_SWBUTTON,6
APPLE_GMUX,12
ASUS_LAPTOP,12
ASUS_WIRELESS,12
ASUS_WMI,12
ASUS_NB_WMI,12
ASUS_TF103C_DOCK,6
MERAKI_MX100,4
EEEPC_LAPTOP,12
EEEPC_WMI,12
X86_PLATFORM_DRIVERS_DELL,10
ALIENWARE_WMI,12
ALIENWARE_WMI_LEGACY,6
ALIENWARE_WMI_WMAX,6
DCDBAS,12
DELL_LAPTOP,12
DELL_RBTN,12
DELL_PC,6
DELL_SMBIOS,12
DELL_SMBIOS_WMI,12
DELL_SMBIOS_SMM,12
DELL_SMO8800,12
DELL_UART_BACKLIGHT,6
DELL_WMI,12
DELL_WMI_PRIVACY,6
DELL_WMI_AIO,12
DELL_WMI_DESCRIPTOR,12
DELL_WMI_DDV,6
DELL_WMI_LED,12
DELL_WMI_SYSMAN,10
AMILO_RFKILL,12
FUJITSU_LAPTOP,12
FUJITSU_TABLET,12
GPD_POCKET_FAN,12
X86_PLATFORM_DRIVERS_HP,10
HP_ACCEL,12
HP_WMI,12
HP_BIOSCFG,6
WIRELESS_HOTKEY,6
IBM_RTL,10
SENSORS_HDAPS,12
INTEL_ATOMISP2_PDX86,10
INTEL_ATOMISP2_LED,6
INTEL_ATOMISP2_PM,12
INTEL_IFS,6
INTEL_SAR_INT1092,6
INTEL_SKL_INT3472,6
INTEL_PMC_CORE,12
INTEL_PMC_SSRAM_TELEMETRY,6
INTEL_PMT_CLASS,10
INTEL_PMT_TELEMETRY,10
INTEL_PMT_CRASHLOG,10
INTEL_PMT_DISCOVERY,6
INTEL_SPEED_SELECT_TPMI,6
INTEL_SPEED_SELECT_INTERFACE,10
INTEL_TELEMETRY,6
INTEL_WMI,10
INTEL_WMI_SBL_FW_UPDATE,6
INTEL_WMI_THUNDERBOLT,12
INTEL_UNCORE_FREQ_CONTROL_TPMI,6
INTEL_UNCORE_FREQ_CONTROL,10
INTEL_HID_EVENT,12
INTEL_VBTN,12
INTEL_INT0002_VGPIO,12
INTEL_OAKTRAIL,12
INTEL_BXTWC_PMIC_TMU,6
INTEL_BYTCRC_PWRSRC,6
INTEL_CHTDC_TI_PWRBTN,6
INTEL_CHTWC_INT33FE,10
INTEL_ISHTP_ECLITE,6
INTEL_MRFLD_PWRBTN,6
INTEL_PUNIT_IPC,6
INTEL_RST,12
INTEL_SDSI,10
INTEL_SMARTCONNECT,12
INTEL_TPMI_POWER_DOMAINS,6
INTEL_TPMI,6
INTEL_PLR_TPMI,6
INTEL_TURBO_MAX_3,12
INTEL_VSEC,10
IDEAPAD_LAPTOP,12
LENOVO_WMI_HOTKEY_UTILITIES,6
LENOVO_WMI_CAMERA,6
LENOVO_YMC,6
THINKPAD_ACPI,12
THINKPAD_ACPI_ALSA_SUPPORT,12
THINKPAD_ACPI_VIDEO,12
THINKPAD_ACPI_HOTKEY_POLL,12
THINKPAD_LMI,10
YOGABOOK,6
YT2_1380,6
LENOVO_WMI_DATA01,6
LENOVO_WMI_EVENTS,6
LENOVO_WMI_HELPERS,6
LENOVO_WMI_GAMEZONE,6
LENOVO_WMI_TUNING,6
ACPI_QUICKSTART,6
MEEGOPAD_ANX7428,6
MSI_EC,6
MSI_LAPTOP,12
MSI_WMI,12
MSI_WMI_PLATFORM,6
PCENGINES_APU2,12
PORTWELL_EC,6
BARCO_P50_GPIO,6
SAMSUNG_GALAXYBOOK,6
SAMSUNG_LAPTOP,12
SAMSUNG_Q10,12
ACPI_TOSHIBA,12
TOSHIBA_BT_RFKILL,12
TOSHIBA_HAPS,12
TOSHIBA_WMI,12
ACPI_CMPC,10
COMPAL_LAPTOP,12
LG_LAPTOP,12
PANASONIC_LAPTOP,12
SONY_LAPTOP,12
SONYPI_COMPAT,12
SYSTEM76_ACPI,6
TOPSTAR_LAPTOP,12
SERIAL_MULTI_INSTANTIATE,10
TOUCHSCREEN_DMI,10
INSPUR_PLATFORM_PROFILE,6
DASHARO_ACPI,6
X86_ANDROID_TABLETS,10
FW_ATTR_CLASS,10
INTEL_IPS,12
INTEL_SCU_IPC,12
INTEL_SCU,6
INTEL_SCU_PCI,6
INTEL_SCU_PLATFORM,6
INTEL_SCU_IPC_UTIL,6
SIEMENS_SIMATIC_IPC,8
SIEMENS_SIMATIC_IPC_BATT,4
SIEMENS_SIMATIC_IPC_BATT_APOLLOLAKE,4
SIEMENS_SIMATIC_IPC_BATT_ELKHARTLAKE,4
SIEMENS_SIMATIC_IPC_BATT_F7188X,4
SILICOM_PLATFORM,4
WINMATE_FM07_KEYS,6
SEL3350_PLATFORM,6
OXP_EC,6
TUXEDO_NB04_WMI_AB,6
P2SB,10
HAVE_CLK,12
HAVE_CLK_PREPARE,12
COMMON_CLK,12
COMMON_CLK_WM831X,4
LMK04832,4
COMMON_CLK_MAX9485,4
COMMON_CLK_SI5341,4
COMMON_CLK_SI5351,4
COMMON_CLK_SI544,6
COMMON_CLK_CDCE706,4
COMMON_CLK_TPS68470,6
COMMON_CLK_CS2000_CP,4
CLK_TWL,4
CLK_TWL6040,4
COMMON_CLK_PALMAS,4
COMMON_CLK_PWM,4
XILINX_VCU,6
HWSPINLOCK,6
CLKEVT_I8253,12
I8253_LOCK,12
CLKBLD_I8253,12
MAILBOX,12
PCC,12
ALTERA_MBOX,4
IOMMU_IOVA,12
IOMMU_API,12
IOMMUFD_DRIVER,6
IOMMU_SUPPORT,12
IOMMU_IO_PGTABLE,6
IOMMU_DEFAULT_DMA_LAZY,10
IOMMU_DMA,12
IOMMU_SVA,10
IOMMU_IOPF,6
AMD_IOMMU,12
DMAR_TABLE,12
INTEL_IOMMU,12
INTEL_IOMMU_SVM,12
INTEL_IOMMU_FLOPPY_WA,12
INTEL_IOMMU_SCALABLE_MODE_DEFAULT_ON,10
INTEL_IOMMU_PERF_EVENTS,6
IOMMUFD_DRIVER_CORE,6
IOMMUFD,6
IRQ_REMAP,12
HYPERV_IOMMU,12
VIRTIO_IOMMU,6
REMOTEPROC,6
REMOTEPROC_CDEV,4
RPMSG,4
RPMSG_CHAR,4
RPMSG_CTRL,4
RPMSG_NS,4
RPMSG_QCOM_GLINK,4
RPMSG_QCOM_GLINK_RPM,4
RPMSG_VIRTIO,4
SOUNDWIRE,12
SOUNDWIRE_AMD,6
SOUNDWIRE_CADENCE,12
SOUNDWIRE_INTEL,12
SOUNDWIRE_QCOM,10
SOUNDWIRE_GENERIC_ALLOCATION,12
WPCM450_SOC,6
QCOM_MDT_LOADER,4
QCOM_PMIC_PDCHARGER_ULOG,4
QCOM_QMI_HELPERS,12
SOC_TI,4
PM_DEVFREQ,12
DEVFREQ_GOV_SIMPLE_ONDEMAND,12
DEVFREQ_GOV_PERFORMANCE,4
DEVFREQ_GOV_POWERSAVE,4
DEVFREQ_GOV_USERSPACE,4
DEVFREQ_GOV_PASSIVE,4
PM_DEVFREQ_EVENT,4
EXTCON,12
EXTCON_ADC_JACK,4
EXTCON_AXP288,10
EXTCON_FSA9480,4
EXTCON_GPIO,4
EXTCON_INTEL_INT3496,6
EXTCON_INTEL_CHT_WC,12
EXTCON_INTEL_MRFLD,6
EXTCON_LC824206XA,6
EXTCON_MAX14577,4
EXTCON_MAX3355,4
EXTCON_MAX77693,4
EXTCON_MAX77843,4
EXTCON_MAX8997,4
EXTCON_MAX14526,4
EXTCON_PALMAS,4
EXTCON_PTN5150,4
EXTCON_RT8973A,4
EXTCON_SM5502,4
EXTCON_USB_GPIO,4
EXTCON_USBC_CROS_EC,6
EXTCON_USBC_TUSB320,6
MEMORY,10
FPGA_DFL_EMIF,4
IIO,12
IIO_BUFFER,12
IIO_BUFFER_CB,6
IIO_BUFFER_DMA,6
IIO_BUFFER_DMAENGINE,6
IIO_BUFFER_HW_CONSUMER,6
IIO_KFIFO_BUF,12
IIO_TRIGGERED_BUFFER,12
IIO_CONFIGFS,6
IIO_GTS_HELPER,6
IIO_TRIGGER,12
IIO_CONSUMERS_PER_TRIGGER,12
IIO_SW_DEVICE,6
IIO_SW_TRIGGER,6
IIO_TRIGGERED_EVENT,12
IIO_BACKEND,6
ADIS16201,10
ADIS16209,10
ADXL313,4
ADXL313_I2C,4
ADXL313_SPI,4
ADXL355,4
ADXL355_I2C,4
ADXL355_SPI,4
ADXL367,4
ADXL367_SPI,4
ADXL367_I2C,4
ADXL372,10
ADXL372_SPI,10
ADXL372_I2C,10
ADXL380,6
ADXL380_SPI,6
ADXL380_I2C,6
BMA220,10
BMA400,10
BMA400_I2C,10
BMA400_SPI,10
BMC150_ACCEL,12
BMC150_ACCEL_I2C,12
BMC150_ACCEL_SPI,12
BMI088_ACCEL,4
BMI088_ACCEL_I2C,4
BMI088_ACCEL_SPI,4
DA280,12
DA311,10
DMARD06,4
DMARD09,10
DMARD10,10
FXLS8962AF,4
FXLS8962AF_I2C,4
FXLS8962AF_SPI,4
HID_SENSOR_ACCEL_3D,12
IIO_CROS_EC_ACCEL_LEGACY,6
IIO_ST_ACCEL_3AXIS,12
IIO_ST_ACCEL_I2C_3AXIS,12
IIO_ST_ACCEL_SPI_3AXIS,10
IIO_KX022A,4
IIO_KX022A_SPI,4
IIO_KX022A_I2C,4
KXSD9,10
KXSD9_SPI,10
KXSD9_I2C,10
KXCJK1013,12
MC3230,10
MMA7455,10
MMA7455_I2C,10
MMA7455_SPI,10
MMA7660,12
MMA8452,12
MMA9551_CORE,10
MMA9551,10
MMA9553,10
MSA311,4
MXC4005,12
MXC6255,12
SCA3000,10
SCA3300,4
STK8312,10
STK8BA50,10
IIO_ADC_HELPER,6
AD_SIGMA_DELTA,12
AD4000,6
AD4030,6
AD4080,6
AD4130,6
AD4170_4,6
AD4695,6
AD4851,6
AD7091R,6
AD7091R5,10
AD7091R8,6
AD7124,12
AD7173,4
AD7191,6
AD7192,10
AD7266,10
AD7280,4
AD7291,10
AD7292,12
AD7298,10
AD7380,6
AD7405,6
AD7476,10
AD7606,10
AD7606_IFACE_PARALLEL,10
AD7606_IFACE_SPI,10
AD7625,6
AD7766,12
AD7768_1,10
AD7779,6
AD7780,10
AD7791,10
AD7793,10
AD7887,10
AD7923,10
AD7944,4
AD7949,12
AD799X,10
AD9467,6
ADE9000,6
AXP20X_ADC,10
AXP288_ADC,12
CC10001_ADC,10
DA9150_GPADC,4
DLN2_ADC,6
ENVELOPE_DETECTOR,6
GEHC_PMC_ADC,4
HI8435,10
HX711,10
INA2XX_ADC,10
INTEL_DC_TI_ADC,6
INTEL_MRFLD_ADC,6
LP8788_ADC,4
LTC2309,4
LTC2471,10
LTC2485,10
LTC2496,10
LTC2497,10
MAX1027,10
MAX11100,10
MAX1118,10
MAX11205,6
MAX11410,6
MAX1241,12
MAX1363,12
MAX34408,6
MAX77541_ADC,4
MAX9611,10
MCP320X,10
MCP3422,10
MCP3564,4
MCP3911,12
MEDIATEK_MT6359_AUXADC,4
MEDIATEK_MT6360_ADC,4
MEDIATEK_MT6370_ADC,4
MEN_Z188_ADC,4
MP2629_ADC,4
NAU7802,10
NCT7201,4
PAC1921,6
PAC1934,6
PALMAS_GPADC,4
ROHM_BD79112,4
ROHM_BD79124,6
RICHTEK_RTQ6056,6
SD_ADC_MODULATOR,6
TI_ADC081C,10
TI_ADC0832,10
TI_ADC084S021,10
TI_ADC108S102,10
TI_ADC12138,10
TI_ADC128S052,12
TI_ADC161S626,10
TI_ADS1015,12
TI_ADS1100,6
TI_ADS1119,4
TI_ADS124S08,4
TI_ADS1298,4
TI_ADS131E08,6
TI_ADS7138,6
TI_ADS7924,6
TI_ADS7950,10
TI_ADS8344,6
TI_ADS8688,4
TI_LMP92064,6
TI_TLC4541,4
TI_TSC2046,6
TWL4030_MADC,4
TWL6030_GPADC,4
VF610_ADC,4
VIPERBOARD_ADC,10
XILINX_XADC,4
AD74115,6
AD74413R,6
IIO_RESCALE,6
AD8366,4
ADA4250,4
HMC425,6
AD7150,4
AD7746,4
AOSONG_AGS02MA,4
ATLAS_PH_SENSOR,4
ATLAS_EZO_SENSOR,4
BME680,6
BME680_I2C,6
BME680_SPI,6
CCS811,4
ENS160,4
ENS160_I2C,4
ENS160_SPI,4
IAQCORE,4
MHZ19B,4
PMS7003,6
SCD30_CORE,6
SCD30_I2C,6
SCD30_SERIAL,6
SCD4X,4
SEN0322,4
SENSIRION_SGP30,4
SENSIRION_SGP40,4
SPS30,4
SPS30_I2C,4
SPS30_SERIAL,4
SENSEAIR_SUNRISE_CO2,4
VZ89X,4
IIO_CROS_EC_SENSORS_CORE,6
IIO_CROS_EC_SENSORS,6
IIO_CROS_EC_SENSORS_LID_ANGLE,6
IIO_CROS_EC_ACTIVITY,6
HID_SENSOR_IIO_COMMON,12
HID_SENSOR_IIO_TRIGGER,12
IIO_INV_SENSORS_TIMESTAMP,6
IIO_MS_SENSORS_I2C,10
IIO_SSP_SENSORS_COMMONS,4
IIO_SSP_SENSORHUB,4
IIO_ST_SENSORS_I2C,12
IIO_ST_SENSORS_SPI,12
IIO_ST_SENSORS_CORE,12
AD3530R,6
AD3552R_HS,6
AD3552R_LIB,6
AD3552R,6
AD5064,10
AD5360,10
AD5380,10
AD5421,10
AD5446,10
AD5449,10
AD5592R_BASE,10
AD5592R,10
AD5593R,10
AD5504,10
AD5624R_SPI,10
AD9739A,4
LTC2688,6
AD5686,10
AD5686_SPI,10
AD5696_I2C,10
AD5755,10
AD5758,10
AD5761,10
AD5764,10
AD5766,6
AD5770R,12
AD5791,10
AD7293,6
AD7303,10
AD8460,6
AD8801,10
BD79703,6
DPOT_DAC,6
DS4424,10
LTC1660,12
LTC2632,10
LTC2664,6
M62332,10
MAX517,10
MAX5522,6
MAX5821,4
MCP4725,10
MCP4728,6
MCP4821,6
MCP4922,10
TI_DAC082S085,10
TI_DAC5571,10
TI_DAC7311,12
TI_DAC7612,10
VF610_DAC,4
ADMV8818,4
AD9523,4
ADF4350,4
ADF4371,4
ADF4377,6
ADMFM2000,4
ADMV1013,4
ADMV1014,4
ADMV4420,4
ADRF6780,4
ADIS16080,10
ADIS16130,10
ADIS16136,10
ADIS16260,10
ADXRS290,12
ADXRS450,10
BMG160,12
BMG160_I2C,12
BMG160_SPI,12
FXAS21002C,12
FXAS21002C_I2C,12
FXAS21002C_SPI,12
HID_SENSOR_GYRO_3D,12
MPU3050,12
MPU3050_I2C,12
IIO_ST_GYRO_3AXIS,12
IIO_ST_GYRO_I2C_3AXIS,12
IIO_ST_GYRO_SPI_3AXIS,12
ITG3200,10
AFE4403,4
AFE4404,4
MAX30100,6
MAX30102,4
AM2315,4
DHT11,6
ENS210,4
HDC100X,4
HDC2010,6
HDC3020,4
HID_SENSOR_HUMIDITY,6
HTS221,6
HTS221_I2C,6
HTS221_SPI,6
HTU21,4
SI7005,4
SI7020,4
ADIS16400,4
ADIS16460,10
ADIS16475,12
ADIS16480,10
ADIS16550,6
BMI160,12
BMI160_I2C,12
BMI160_SPI,12
BMI270,6
BMI270_I2C,6
BMI270_SPI,6
BMI323,6
BMI323_I2C,6
BMI323_SPI,4
BOSCH_BNO055,6
BOSCH_BNO055_SERIAL,6
BOSCH_BNO055_I2C,6
FXOS8700,12
FXOS8700_I2C,12
FXOS8700_SPI,12
KMX61,10
INV_ICM42600,12
INV_ICM42600_I2C,12
INV_ICM42600_SPI,12
INV_MPU6050_IIO,12
INV_MPU6050_I2C,12
INV_MPU6050_SPI,10
SMI240,4
IIO_ST_LSM6DSX,12
IIO_ST_LSM6DSX_I2C,12
IIO_ST_LSM6DSX_SPI,12
IIO_ST_LSM9DS0,4
IIO_ST_LSM9DS0_I2C,4
IIO_ST_LSM9DS0_SPI,4
IIO_ADIS_LIB,12
IIO_ADIS_LIB_BUFFER,12
ACPI_ALS,12
ADJD_S311,10
ADUX1020,12
AL3000A,6
AL3010,12
AL3320A,10
APDS9160,6
APDS9300,10
APDS9306,6
APDS9960,10
AS73211,10
BH1745,6
BH1750,12
BH1780,10
CM32181,12
CM3232,10
CM3323,10
CM3605,6
CM36651,10
IIO_CROS_EC_LIGHT_PROX,6
GP2AP002,12
GP2AP020A00F,10
IQS621_ALS,4
SENSORS_ISL29018,10
SENSORS_ISL29028,10
ISL29125,10
ISL76682,4
HID_SENSOR_ALS,12
HID_SENSOR_PROX,10
JSA1212,10
ROHM_BU27034,6
RPR0521,12
SENSORS_LM3533,4
LTR390,4
LTR501,12
LTRF216A,6
LV0104CS,12
MAX44000,10
MAX44009,12
NOA1305,10
OPT3001,12
OPT4001,6
OPT4060,6
PA12203001,12
SI1133,10
SI1145,10
STK3310,12
ST_UVIS25,12
ST_UVIS25_I2C,12
ST_UVIS25_SPI,12
TCS3414,10
TCS3472,10
SENSORS_TSL2563,10
TSL2583,10
TSL2591,4
TSL2772,12
TSL4531,10
US5182D,10
VCNL4000,10
VCNL4035,12
VEML3235,6
VEML6030,12
VEML6040,4
VEML6046X00,4
VEML6070,10
VEML6075,4
VL6180,12
ZOPT2201,12
AK8974,4
AK8975,12
AK09911,10
ALS31300,4
BMC150_MAGN,12
BMC150_MAGN_I2C,12
BMC150_MAGN_SPI,12
MAG3110,10
HID_SENSOR_MAGNETOMETER_3D,12
MMC35240,10
IIO_ST_MAGN_3AXIS,12
IIO_ST_MAGN_I2C_3AXIS,12
IIO_ST_MAGN_SPI_3AXIS,12
INFINEON_TLV493D,4
SENSORS_HMC5843,10
SENSORS_HMC5843_I2C,10
SENSORS_HMC5843_SPI,10
SENSORS_RM3100,12
SENSORS_RM3100_I2C,12
SENSORS_RM3100_SPI,12
SI7210,4
TI_TMAG5273,4
YAMAHA_YAS530,4
IIO_MUX,6
HID_SENSOR_INCLINOMETER_3D,12
HID_SENSOR_DEVICE_ROTATION,12
IIO_HRTIMER_TRIGGER,4
IIO_INTERRUPT_TRIGGER,6
IIO_TIGHTLOOP_TRIGGER,6
IIO_SYSFS_TRIGGER,4
IQS624_POS,4
HID_SENSOR_CUSTOM_INTEL_HINGE,6
AD5110,6
AD5272,6
DS1803,4
MAX5432,4
MAX5481,4
MAX5487,4
MCP4018,6
MCP4131,4
MCP4531,4
MCP41010,6
TPL0102,4
X9250,6
LMP91000,6
ABP060MG,12
ROHM_BM1390,4
BMP280,12
BMP280_I2C,12
BMP280_SPI,12
IIO_CROS_EC_BARO,6
DLHL60D,10
DPS310,10
HID_SENSOR_PRESS,10
HP03,10
HSC030PA,4
HSC030PA_I2C,4
HSC030PA_SPI,4
ICP10100,12
MPL115,12
MPL115_I2C,12
MPL115_SPI,10
MPL3115,10
MPRLS0025PA,4
MPRLS0025PA_I2C,4
MPRLS0025PA_SPI,4
MS5611,10
MS5611_I2C,4
MS5611_SPI,4
MS5637,10
SDP500,4
IIO_ST_PRESS,10
IIO_ST_PRESS_I2C,10
IIO_ST_PRESS_SPI,10
T5403,10
HP206C,10
ZPA2326,10
ZPA2326_I2C,10
ZPA2326_SPI,10
AS3935,4
CROS_EC_MKBP_PROXIMITY,6
D3323AA,6
HX9023S,4
IRSD200,4
ISL29501,10
LIDAR_LITE_V2,10
MB1232,12
PING,10
RFD77402,10
SRF04,10
SX_COMMON,10
SX9310,12
SX9324,6
SX9360,6
SX9500,4
SRF08,10
VCNL3020,12
VL53L0X_I2C,12
AW96103,4
AD2S90,4
AD2S1200,4
AD2S1210,4
IQS620AT_TEMP,4
LTC2983,12
MAXIM_THERMOCOUPLE,12
HID_SENSOR_TEMP,12
MLX90614,12
MLX90632,12
MLX90635,4
TMP006,10
TMP007,10
TMP117,6
TSYS01,10
TSYS02D,10
MAX30208,6
MAX31856,12
MAX31865,6
MCP9600,6
NTB,6
NTB_MSI,4
NTB_AMD,6
NTB_IDT,6
NTB_INTEL,6
NTB_EPF,6
NTB_SWITCHTEC,6
NTB_TRANSPORT,6
PWM,12
PWM_PROVIDE_GPIO,6
PWM_CLK,4
PWM_CRC,12
PWM_CROS_EC,6
PWM_DWC_CORE,6
PWM_DWC,6
PWM_GPIO,6
PWM_IQS620A,4
PWM_LP3943,4
PWM_LPSS,12
PWM_LPSS_PCI,6
PWM_LPSS_PLATFORM,12
PWM_MAX7360,4
PWM_PCA9685,4
PWM_TWL,4
PWM_TWL_LED,4
IRQ_MSI_LIB,6
MADERA_IRQ,4
IPACK_BUS,4
BOARD_TPCI200,4
SERIAL_IPOCTAL,4
RESET_CONTROLLER,12
RESET_GPIO,6
RESET_TI_SYSCON,4
RESET_TI_TPS380X,6
GENERIC_PHY,12
GENERIC_PHY_MIPI_DPHY,6
USB_LGM_PHY,4
PHY_CAN_TRANSCEIVER,4
BCM_KONA_USB2_PHY,4
PHY_PXA_28NM_HSIC,4
PHY_PXA_28NM_USB2,4
PHY_CPCAP_USB,4
PHY_QCOM_USB_HS,4
PHY_QCOM_USB_HSIC,4
PHY_SAMSUNG_USB2,4
PHY_TUSB1210,4
PHY_INTEL_LGM_EMMC,4
POWERCAP,12
INTEL_RAPL_CORE,12
INTEL_RAPL,12
INTEL_RAPL_TPMI,6
IDLE_INJECT,6
MCB,4
MCB_PCI,4
MCB_LPC,4
DWC_PCIE_PMU,6
CXL_PMU,6
RAS,12
RAS_CEC,6
AMD_ATL,6
AMD_ATL_PRM,6
RAS_FMPM,6
USB4,12
ANDROID_BINDER_IPC_RUST,4
LIBNVDIMM,12
BLK_DEV_PMEM,12
ND_CLAIM,12
ND_BTT,10
BTT,10
ND_PFN,12
NVDIMM_PFN,12
NVDIMM_DAX,12
NVDIMM_KEYS,10
DAX,12
DEV_DAX,12
DEV_DAX_PMEM,12
DEV_DAX_HMEM,12
DEV_DAX_CXL,6
DEV_DAX_HMEM_DEVICES,12
DEV_DAX_KMEM,12
NVMEM,12
NVMEM_SYSFS,12
NVMEM_RAVE_SP_EEPROM,4
NVMEM_RMEM,6
STM,6
STM_PROTO_BASIC,6
STM_PROTO_SYS_T,6
STM_SOURCE_CONSOLE,6
STM_SOURCE_HEARTBEAT,6
STM_SOURCE_FTRACE,6
INTEL_TH,12
INTEL_TH_PCI,12
INTEL_TH_ACPI,6
INTEL_TH_GTH,12
INTEL_TH_STH,6
INTEL_TH_MSU,12
INTEL_TH_PTI,12
FPGA,6
ALTERA_PR_IP_CORE,6
FPGA_MGR_ALTERA_PS_SPI,6
FPGA_MGR_ALTERA_CVP,6
FPGA_MGR_XILINX_CORE,6
FPGA_MGR_XILINX_SELECTMAP,6
FPGA_MGR_XILINX_SPI,6
FPGA_MGR_MACHXO2_SPI,6
FPGA_BRIDGE,6
ALTERA_FREEZE_BRIDGE,4
XILINX_PR_DECOUPLER,6
FPGA_REGION,6
FPGA_DFL,6
FPGA_DFL_FME,6
FPGA_DFL_FME_MGR,6
FPGA_DFL_FME_BRIDGE,6
FPGA_DFL_FME_REGION,6
FPGA_DFL_AFU,6
FPGA_DFL_NIOS_INTEL_PAC_N3000,6
FPGA_DFL_PCI,6
FPGA_M10_BMC_SEC_UPDATE,6
FPGA_MGR_MICROCHIP_SPI,4
FPGA_MGR_LATTICE_SYSCONFIG,6
FPGA_MGR_LATTICE_SYSCONFIG_SPI,6
TEE,6
TEE_DMABUF_HEAPS,6
OPTEE_STATIC_PROTMEM_POOL,6
AMDTEE,6
MULTIPLEXER,6
MUX_ADG792A,6
MUX_ADGS1408,4
MUX_GPIO,6
PM_OPP,12
SIOX,4
SIOX_BUS_GPIO,4
SLIMBUS,10
INTERCONNECT,6
COUNTER,6
INTEL_QEP,6
INTERRUPT_CNT,4
MOST,4
MOST_USB_HDM,4
MOST_CDEV,4
MOST_SND,4
HTE,4
DCACHE_WORD_ACCESS,12
VALIDATE_FS_PARSER,6
FS_IOMAP,12
FS_STACK,6
BUFFER_HEAD,6
LEGACY_DIRECT_IO,6
EXT4_FS,12
EXT4_USE_FOR_EXT2,12
EXT4_FS_POSIX_ACL,12
EXT4_FS_SECURITY,12
JBD2,12
FS_MBCACHE,12
JFS_FS,12
JFS_POSIX_ACL,12
JFS_SECURITY,12
JFS_STATISTICS,4
XFS_FS,12
XFS_SUPPORT_V4,12
XFS_SUPPORT_ASCII_CI,6
XFS_QUOTA,12
XFS_POSIX_ACL,12
XFS_RT,12
XFS_DRAIN_INTENTS,6
XFS_LIVE_HOOKS,6
XFS_MEMORY_BUFS,6
XFS_BTREE_IN_MEM,4
XFS_ONLINE_SCRUB,6
XFS_ONLINE_REPAIR,4
GFS2_FS,12
GFS2_FS_LOCKING_DLM,12
OCFS2_FS,12
OCFS2_FS_O2CB,12
OCFS2_FS_USERSPACE_CLUSTER,12
OCFS2_FS_STATS,10
OCFS2_DEBUG_MASKLOG,10
BTRFS_FS,12
BTRFS_FS_POSIX_ACL,12
NILFS2_FS,12
F2FS_FS,12
F2FS_STAT_FS,12
F2FS_FS_XATTR,12
F2FS_FS_POSIX_ACL,12
F2FS_FS_SECURITY,12
F2FS_CHECK_FS,4
F2FS_FS_COMPRESSION,12
F2FS_FS_LZO,12
F2FS_FS_LZORLE,12
F2FS_FS_LZ4,12
F2FS_FS_LZ4HC,10
F2FS_FS_ZSTD,12
F2FS_IOSTAT,10
F2FS_UNFAIR_RWSEM,6
ZONEFS_FS,12
FS_DAX,12
FS_DAX_PMD,12
FS_POSIX_ACL,12
EXPORTFS,12
EXPORTFS_BLOCK_OPS,12
FILE_LOCKING,12
FS_ENCRYPTION,12
FS_ENCRYPTION_ALGS,12
FS_ENCRYPTION_INLINE_CRYPT,6
FS_VERITY,12
FS_VERITY_BUILTIN_SIGNATURES,10
FSNOTIFY,12
DNOTIFY,12
INOTIFY_USER,12
FANOTIFY,12
FANOTIFY_ACCESS_PERMISSIONS,12
QUOTA,12
QUOTA_NETLINK_INTERFACE,12
QUOTA_TREE,12
QFMT_V1,10
QFMT_V2,12
QUOTACTL,12
AUTOFS_FS,12
FUSE_FS,12
CUSE,12
VIRTIO_FS,12
FUSE_DAX,12
FUSE_PASSTHROUGH,6
FUSE_IO_URING,6
OVERLAY_FS,12
OVERLAY_FS_REDIRECT_DIR,4
OVERLAY_FS_INDEX,4
OVERLAY_FS_XINO_AUTO,4
OVERLAY_FS_METACOPY,4
NETFS_SUPPORT,10
NETFS_STATS,10
NETFS_DEBUG,4
FSCACHE,12
FSCACHE_STATS,12
CACHEFILES,12
CACHEFILES_ONDEMAND,6
ISO9660_FS,12
JOLIET,12
ZISOFS,12
UDF_FS,12
FAT_FS,12
MSDOS_FS,12
VFAT_FS,12
FAT_DEFAULT_CODEPAGE,12
FAT_DEFAULT_IOCHARSET,12
FAT_DEFAULT_UTF8,10
EXFAT_FS,12
EXFAT_DEFAULT_IOCHARSET,12
NTFS3_FS,6
NTFS3_LZX_XPRESS,6
NTFS3_FS_POSIX_ACL,6
NTFS_FS,4
PROC_FS,12
PROC_KCORE,12
PROC_VMCORE,12
PROC_VMCORE_DEVICE_DUMP,6
PROC_SYSCTL,12
PROC_PAGE_MONITOR,12
PROC_CHILDREN,12
PROC_PID_ARCH_STATUS,12
PROC_CPU_RESCTRL,12
KERNFS,12
SYSFS,12
TMPFS,12
TMPFS_POSIX_ACL,12
TMPFS_XATTR,12
TMPFS_INODE64,10
TMPFS_QUOTA,6
ARCH_SUPPORTS_HUGETLBFS,6
HUGETLBFS,12
HUGETLB_PAGE,12
HUGETLB_PAGE_OPTIMIZE_VMEMMAP,10
HUGETLB_PMD_PAGE_TABLE_SHARING,6
ARCH_HAS_GIGANTIC_PAGE,12
CONFIGFS_FS,12
EFIVAR_FS,12
MISC_FILESYSTEMS,12
ORANGEFS_FS,12
AFFS_FS,12
ECRYPT_FS,12
HFS_FS,12
HFSPLUS_FS,12
BEFS_FS,12
JFFS2_FS,12
JFFS2_FS_WRITEBUFFER,12
JFFS2_SUMMARY,12
JFFS2_FS_XATTR,12
JFFS2_FS_POSIX_ACL,12
JFFS2_FS_SECURITY,12
JFFS2_ZLIB,12
JFFS2_RTIME,12
UBIFS_FS,12
UBIFS_FS_LZO,12
UBIFS_FS_ZLIB,12
UBIFS_FS_ZSTD,12
UBIFS_ATIME_SUPPORT,6
UBIFS_FS_XATTR,12
UBIFS_FS_SECURITY,12
UBIFS_FS_AUTHENTICATION,6
CRAMFS,4
CRAMFS_BLOCKDEV,4
CRAMFS_MTD,4
SQUASHFS,12
SQUASHFS_FILE_DIRECT,12
SQUASHFS_DECOMP_SINGLE,4
SQUASHFS_DECOMP_MULTI,4
SQUASHFS_DECOMP_MULTI_PERCPU,12
SQUASHFS_CHOICE_DECOMP_BY_MOUNT,4
SQUASHFS_MOUNT_DECOMP_THREADS,4
SQUASHFS_XATTR,12
SQUASHFS_COMP_CACHE_FULL,4
SQUASHFS_ZLIB,12
SQUASHFS_LZ4,12
SQUASHFS_LZO,12
SQUASHFS_XZ,12
SQUASHFS_ZSTD,12
SQUASHFS_FRAGMENT_CACHE_SIZE,12
MINIX_FS,12
OMFS_FS,10
RESCTRL_FS,6
RESCTRL_FS_PSEUDO_LOCK,6
ROMFS_FS,12
ROMFS_BACKED_BY_BLOCK,6
ROMFS_ON_BLOCK,12
PSTORE,12
PSTORE_DEFAULT_KMSG_BYTES,10
PSTORE_COMPRESS,12
PSTORE_RAM,12
PSTORE_ZONE,8
PSTORE_BLK,8
PSTORE_BLK_KMSG_SIZE,8
PSTORE_BLK_MAX_REASON,8
UFS_FS,12
EROFS_FS,12
EROFS_FS_XATTR,12
EROFS_FS_POSIX_ACL,12
EROFS_FS_SECURITY,12
EROFS_FS_BACKED_BY_FILE,6
EROFS_FS_ZIP,12
EROFS_FS_ZIP_LZMA,6
EROFS_FS_ZIP_DEFLATE,6
EROFS_FS_ZIP_ZSTD,6
EROFS_FS_ZIP_ACCEL,6
EROFS_FS_ONDEMAND,6
EROFS_FS_PCPU_KTHREAD,4
EROFS_FS_PCPU_KTHREAD_HIPRI,4
VBOXSF_FS,12
NETWORK_FILESYSTEMS,12
NFS_FS,12
NFS_V2,10
NFS_V3,12
NFS_V3_ACL,12
NFS_V4,12
NFS_SWAP,12
NFS_V4_1,12
NFS_V4_2,12
PNFS_FILE_LAYOUT,12
PNFS_BLOCK,12
PNFS_FLEXFILE_LAYOUT,12
NFS_V4_1_IMPLEMENTATION_ID_DOMAIN,12
NFS_V4_SECURITY_LABEL,12
NFS_FSCACHE,12
NFS_USE_KERNEL_DNS,12
NFS_DEBUG,12
NFSD,12
NFSD_V3_ACL,12
NFSD_V4,12
NFSD_PNFS,12
NFSD_BLOCKLAYOUT,12
NFSD_SCSILAYOUT,6
NFSD_V4_2_INTER_SSC,6
NFSD_V4_SECURITY_LABEL,12
GRACE_PERIOD,12
LOCKD,12
LOCKD_V4,12
NFS_ACL_SUPPORT,12
NFS_COMMON,12
NFS_COMMON_LOCALIO_SUPPORT,6
NFS_LOCALIO,6
NFS_V4_2_SSC_HELPER,11
SUNRPC,12
SUNRPC_GSS,12
SUNRPC_BACKCHANNEL,12
SUNRPC_SWAP,12
RPCSEC_GSS_KRB5,12
RPCSEC_GSS_KRB5_ENCTYPES_AES_SHA1,6
RPCSEC_GSS_KRB5_ENCTYPES_CAMELLIA,6
RPCSEC_GSS_KRB5_ENCTYPES_AES_SHA2,6
SUNRPC_DEBUG,12
SUNRPC_XPRT_RDMA,12
CEPH_FS,12
CEPH_FSCACHE,12
CEPH_FS_POSIX_ACL,12
CEPH_FS_SECURITY_LABEL,6
CIFS,12
CIFS_ALLOW_INSECURE_LEGACY,12
CIFS_UPCALL,12
CIFS_XATTR,12
CIFS_POSIX,12
CIFS_DEBUG,12
CIFS_DFS_UPCALL,12
CIFS_SWN_UPCALL,6
CIFS_SMB_DIRECT,4
CIFS_FSCACHE,12
CIFS_COMPRESSION,4
SMB_SERVER,8
SMB_SERVER_SMBDIRECT,4
SMB_SERVER_CHECK_CAP_NET_ADMIN,8
SMB_SERVER_KERBEROS5,4
SMBFS,10
CODA_FS,12
AFS_FS,12
AFS_FSCACHE,12
9P_FS,12
9P_FSCACHE,12
9P_FS_POSIX_ACL,12
9P_FS_SECURITY,12
NLS,12
NLS_DEFAULT,12
NLS_CODEPAGE_437,12
NLS_CODEPAGE_737,12
NLS_CODEPAGE_775,12
NLS_CODEPAGE_850,12
NLS_CODEPAGE_852,12
NLS_CODEPAGE_855,12
NLS_CODEPAGE_857,12
NLS_CODEPAGE_860,12
NLS_CODEPAGE_861,12
NLS_CODEPAGE_862,12
NLS_CODEPAGE_863,12
NLS_CODEPAGE_864,12
NLS_CODEPAGE_865,12
NLS_CODEPAGE_866,12
NLS_CODEPAGE_869,12
NLS_CODEPAGE_936,12
NLS_CODEPAGE_950,12
NLS_CODEPAGE_932,12
NLS_CODEPAGE_949,12
NLS_CODEPAGE_874,12
NLS_ISO8859_8,12
NLS_CODEPAGE_1250,12
NLS_CODEPAGE_1251,12
NLS_ASCII,12
NLS_ISO8859_1,12
NLS_ISO8859_2,12
NLS_ISO8859_3,12
NLS_ISO8859_4,12
NLS_ISO8859_5,12
NLS_ISO8859_6,12
NLS_ISO8859_7,12
NLS_ISO8859_9,12
NLS_ISO8859_13,12
NLS_ISO8859_14,12
NLS_ISO8859_15,12
NLS_KOI8_R,12
NLS_KOI8_U,12
NLS_MAC_ROMAN,12
NLS_MAC_CELTIC,12
NLS_MAC_CENTEURO,12
NLS_MAC_CROATIAN,12
NLS_MAC_CYRILLIC,12
NLS_MAC_GAELIC,12
NLS_MAC_GREEK,12
NLS_MAC_ICELAND,12
NLS_MAC_INUIT,12
NLS_MAC_ROMANIAN,12
NLS_MAC_TURKISH,12
NLS_UTF8,12
NLS_UCS2_UTILS,6
DLM,12
DLM_DEBUG,12
UNICODE,10
IO_WQ,12
KEYS,12
KEYS_REQUEST_CACHE,6
PERSISTENT_KEYRINGS,12
BIG_KEYS,6
TRUSTED_KEYS,6
HAVE_TRUSTED_KEYS,6
TRUSTED_KEYS_TPM,6
TRUSTED_KEYS_TEE,4
ENCRYPTED_KEYS,10
KEY_DH_OPERATIONS,12
KEY_NOTIFICATIONS,6
SECURITY_DMESG_RESTRICT,12
PROC_MEM_ALWAYS_FORCE,10
SECURITY,12
HAS_SECURITY_AUDIT,6
SECURITYFS,12
SECURITY_NETWORK,12
SECURITY_INFINIBAND,6
SECURITY_NETWORK_XFRM,12
SECURITY_PATH,12
LSM_MMAP_MIN_ADDR,12
SECURITY_SELINUX,12
SECURITY_SELINUX_BOOTPARAM,6
SECURITY_SELINUX_DEVELOP,12
SECURITY_SELINUX_AVC_STATS,12
SECURITY_SELINUX_SIDTAB_HASH_BITS,12
SECURITY_SELINUX_SID2STR_CACHE_SIZE,12
SECURITY_SMACK,4
SECURITY_SMACK_BRINGUP,4
SECURITY_SMACK_NETFILTER,4
SECURITY_SMACK_APPEND_SIGNALS,4
SECURITY_TOMOYO,12
SECURITY_TOMOYO_MAX_ACCEPT_ENTRY,12
SECURITY_TOMOYO_MAX_AUDIT_LOG,12
SECURITY_TOMOYO_POLICY_LOADER,12
SECURITY_TOMOYO_ACTIVATION_TRIGGER,12
SECURITY_APPARMOR,10
SECURITY_APPARMOR_INTROSPECT_POLICY,8
SECURITY_APPARMOR_HASH,10
SECURITY_APPARMOR_HASH_DEFAULT,10
SECURITY_APPARMOR_EXPORT_BINARY,8
SECURITY_APPARMOR_PARANOID_LOAD,8
SECURITY_LOADPIN,4
SECURITY_LOADPIN_ENFORCE,4
SECURITY_YAMA,12
SECURITY_SAFESETID,4
SECURITY_LOCKDOWN_LSM,12
LOCK_DOWN_KERNEL_FORCE_NONE,12
SECURITY_LANDLOCK,10
SECURITY_IPE,6
IPE_POLICY_SIG_SECONDARY_KEYRING,6
IPE_POLICY_SIG_PLATFORM_KEYRING,6
IPE_PROP_DM_VERITY,6
IPE_PROP_DM_VERITY_SIGNATURE,6
IPE_PROP_FS_VERITY,6
IPE_PROP_FS_VERITY_BUILTIN_SIG,4
INTEGRITY,12
INTEGRITY_SIGNATURE,12
INTEGRITY_ASYMMETRIC_KEYS,12
INTEGRITY_TRUSTED_KEYRING,6
INTEGRITY_PLATFORM_KEYRING,12
INTEGRITY_MACHINE_KEYRING,10
LOAD_UEFI_KEYS,12
INTEGRITY_AUDIT,12
DEFAULT_SECURITY_DAC,4
LSM,12
CC_HAS_AUTO_VAR_INIT_PATTERN,10
CC_HAS_AUTO_VAR_INIT_ZERO_BARE,10
CC_HAS_AUTO_VAR_INIT_ZERO,10
INIT_STACK_ALL_ZERO,10
INIT_ON_ALLOC_DEFAULT_ON,12
CC_HAS_ZERO_CALL_USED_REGS,10
FORTIFY_SOURCE,12
HARDENED_USERCOPY,12
HARDENED_USERCOPY_DEFAULT_ON,6
LIST_HARDENED,6
RANDSTRUCT_NONE,10
XOR_BLOCKS,12
ASYNC_CORE,12
ASYNC_MEMCPY,12
ASYNC_XOR,12
ASYNC_PQ,12
ASYNC_RAID6_RECOV,12
CRYPTO,12
CRYPTO_ALGAPI,12
CRYPTO_ALGAPI2,12
CRYPTO_AEAD,12
CRYPTO_AEAD2,12
CRYPTO_SIG,6
CRYPTO_SIG2,6
CRYPTO_SKCIPHER,12
CRYPTO_SKCIPHER2,12
CRYPTO_HASH,12
CRYPTO_HASH2,12
CRYPTO_RNG,12
CRYPTO_RNG2,12
CRYPTO_RNG_DEFAULT,12
CRYPTO_AKCIPHER2,12
CRYPTO_AKCIPHER,12
CRYPTO_KPP2,12
CRYPTO_KPP,12
CRYPTO_ACOMP2,12
CRYPTO_HKDF,6
CRYPTO_MANAGER,12
CRYPTO_MANAGER2,12
CRYPTO_USER,12
CRYPTO_NULL,12
CRYPTO_PCRYPT,12
CRYPTO_CRYPTD,12
CRYPTO_AUTHENC,12
CRYPTO_KRB5ENC,6
CRYPTO_ENGINE,12
CRYPTO_RSA,12
CRYPTO_DH,12
CRYPTO_DH_RFC7919_GROUPS,6
CRYPTO_ECC,12
CRYPTO_ECDH,12
CRYPTO_ECDSA,7
CRYPTO_ECRDSA,12
CRYPTO_AES,12
CRYPTO_AES_TI,12
CRYPTO_ARIA,4
CRYPTO_BLOWFISH,12
CRYPTO_BLOWFISH_COMMON,12
CRYPTO_CAMELLIA,12
CRYPTO_CAST_COMMON,12
CRYPTO_CAST5,12
CRYPTO_CAST6,12
CRYPTO_DES,12
CRYPTO_FCRYPT,12
CRYPTO_SERPENT,12
CRYPTO_SM4,4
CRYPTO_SM4_GENERIC,4
CRYPTO_TWOFISH,12
CRYPTO_TWOFISH_COMMON,12
CRYPTO_ADIANTUM,12
CRYPTO_CHACHA20,12
CRYPTO_CBC,12
CRYPTO_CTR,12
CRYPTO_CTS,12
CRYPTO_ECB,12
CRYPTO_HCTR2,6
CRYPTO_LRW,12
CRYPTO_PCBC,12
CRYPTO_XCTR,6
CRYPTO_XTS,12
CRYPTO_NHPOLY1305,12
CRYPTO_AEGIS128,12
CRYPTO_CHACHA20POLY1305,12
CRYPTO_CCM,12
CRYPTO_GCM,12
CRYPTO_GENIV,6
CRYPTO_SEQIV,12
CRYPTO_ECHAINIV,12
CRYPTO_ESSIV,12
CRYPTO_BLAKE2B,12
CRYPTO_CMAC,12
CRYPTO_GHASH,12
CRYPTO_HMAC,12
CRYPTO_MD4,12
CRYPTO_MD5,12
CRYPTO_MICHAEL_MIC,12
CRYPTO_POLYVAL,2
CRYPTO_RMD160,12
CRYPTO_SHA1,12
CRYPTO_SHA256,12
CRYPTO_SHA512,12
CRYPTO_SHA3,12
CRYPTO_SM3_GENERIC,4
CRYPTO_STREEBOG,12
CRYPTO_WP512,12
CRYPTO_XCBC,12
CRYPTO_XXHASH,12
CRYPTO_CRC32C,12
CRYPTO_CRC32,12
CRYPTO_DEFLATE,12
CRYPTO_LZO,12
CRYPTO_842,6
CRYPTO_LZ4,12
CRYPTO_LZ4HC,12
CRYPTO_ZSTD,12
CRYPTO_ANSI_CPRNG,8
CRYPTO_DRBG_MENU,12
CRYPTO_DRBG_HMAC,12
CRYPTO_DRBG_HASH,12
CRYPTO_DRBG_CTR,12
CRYPTO_DRBG,12
CRYPTO_JITTERENTROPY,12
CRYPTO_JITTERENTROPY_MEMORY_BLOCKS,6
CRYPTO_JITTERENTROPY_MEMORY_BLOCKSIZE,6
CRYPTO_JITTERENTROPY_OSR,6
CRYPTO_KDF800108_CTR,10
CRYPTO_USER_API,12
CRYPTO_USER_API_HASH,12
CRYPTO_USER_API_SKCIPHER,12
CRYPTO_USER_API_RNG,12
CRYPTO_USER_API_AEAD,12
CRYPTO_AES_NI_INTEL,12
CRYPTO_BLOWFISH_X86_64,12
CRYPTO_CAMELLIA_X86_64,12
CRYPTO_CAMELLIA_AESNI_AVX_X86_64,12
CRYPTO_CAMELLIA_AESNI_AVX2_X86_64,12
CRYPTO_CAST5_AVX_X86_64,12
CRYPTO_CAST6_AVX_X86_64,12
CRYPTO_DES3_EDE_X86_64,12
CRYPTO_SERPENT_SSE2_X86_64,12
CRYPTO_SERPENT_AVX_X86_64,12
CRYPTO_SERPENT_AVX2_X86_64,12
CRYPTO_SM4_AESNI_AVX_X86_64,4
CRYPTO_SM4_AESNI_AVX2_X86_64,4
CRYPTO_TWOFISH_X86_64,12
CRYPTO_TWOFISH_X86_64_3WAY,12
CRYPTO_TWOFISH_AVX_X86_64,12
CRYPTO_ARIA_AESNI_AVX_X86_64,4
CRYPTO_ARIA_AESNI_AVX2_X86_64,4
CRYPTO_ARIA_GFNI_AVX512_X86_64,4
CRYPTO_AEGIS128_AESNI_SSE2,12
CRYPTO_NHPOLY1305_SSE2,10
CRYPTO_NHPOLY1305_AVX2,10
CRYPTO_POLYVAL_CLMUL_NI,2
CRYPTO_SM3_AVX_X86_64,4
CRYPTO_GHASH_CLMUL_NI_INTEL,12
CRYPTO_HW,12
CRYPTO_DEV_PADLOCK,12
CRYPTO_DEV_PADLOCK_AES,12
CRYPTO_DEV_PADLOCK_SHA,12
CRYPTO_DEV_ATMEL_I2C,6
CRYPTO_DEV_ATMEL_ECC,6
CRYPTO_DEV_ATMEL_SHA204A,6
CRYPTO_DEV_CCP,12
CRYPTO_DEV_CCP_DD,12
CRYPTO_DEV_SP_CCP,12
CRYPTO_DEV_CCP_CRYPTO,12
CRYPTO_DEV_SP_PSP,12
CRYPTO_DEV_CCP_DEBUGFS,4
CRYPTO_DEV_NITROX,6
CRYPTO_DEV_NITROX_CNN55XX,6
CRYPTO_DEV_QAT,12
CRYPTO_DEV_QAT_DH895xCC,12
CRYPTO_DEV_QAT_C3XXX,12
CRYPTO_DEV_QAT_C62X,12
CRYPTO_DEV_QAT_4XXX,6
CRYPTO_DEV_QAT_420XX,6
CRYPTO_DEV_QAT_6XXX,6
CRYPTO_DEV_QAT_DH895xCCVF,12
CRYPTO_DEV_QAT_C3XXXVF,12
CRYPTO_DEV_QAT_C62XVF,12
CRYPTO_DEV_IAA_CRYPTO,6
CRYPTO_DEV_CHELSIO,12
CRYPTO_DEV_VIRTIO,12
CRYPTO_DEV_SAFEXCEL,4
CRYPTO_DEV_AMLOGIC_GXL,4
CRYPTO_DEV_AMLOGIC_GXL_DEBUG,4
ASYMMETRIC_KEY_TYPE,12
ASYMMETRIC_PUBLIC_KEY_SUBTYPE,12
X509_CERTIFICATE_PARSER,12
PKCS8_PRIVATE_KEY_PARSER,12
PKCS7_MESSAGE_PARSER,12
SIGNED_PE_FILE_VERIFICATION,12
MODULE_SIG_KEY,6
MODULE_SIG_KEY_TYPE_ECDSA,5
SYSTEM_TRUSTED_KEYRING,12
SECONDARY_TRUSTED_KEYRING,12
SYSTEM_BLACKLIST_KEYRING,12
SYSTEM_REVOCATION_LIST,4
SYSTEM_BLACKLIST_AUTH_UPDATE,6
CRYPTO_KRB5,6
BINARY_PRINTF,12
RAID6_PQ,12
LINEAR_RANGES,12
PACKING,6
BITREVERSE,12
GENERIC_STRNCPY_FROM_USER,12
GENERIC_STRNLEN_USER,12
GENERIC_NET_UTILS,12
CORDIC,12
RATIONAL,12
GENERIC_IOMAP,12
ARCH_USE_CMPXCHG_LOCKREF,12
ARCH_HAS_FAST_MULTIPLIER,12
ARCH_USE_SYM_ANNOTATIONS,12
CRC7,12
CRC8,12
CRC16,12
CRC_CCITT,12
CRC_ITU_T,12
CRC_T10DIF,12
CRC_T10DIF_ARCH,6
CRC32,12
CRC32_ARCH,6
CRC64,12
CRC64_ARCH,6
CRC_OPTIMIZATIONS,6
CRYPTO_HASH_INFO,12
CRYPTO_LIB_UTILS,10
CRYPTO_LIB_AES,12
CRYPTO_LIB_AESCFB,6
CRYPTO_LIB_AESGCM,6
CRYPTO_LIB_ARC4,12
CRYPTO_LIB_GF128MUL,6
CRYPTO_LIB_BLAKE2S_ARCH,6
CRYPTO_LIB_CHACHA,12
CRYPTO_LIB_CHACHA_ARCH,6
CRYPTO_LIB_CURVE25519,12
CRYPTO_LIB_CURVE25519_ARCH,6
CRYPTO_LIB_CURVE25519_GENERIC,12
CRYPTO_LIB_DES,12
CRYPTO_LIB_MD5,6
CRYPTO_LIB_POLY1305,12
CRYPTO_LIB_POLY1305_ARCH,6
CRYPTO_LIB_POLY1305_GENERIC,12
CRYPTO_LIB_POLY1305_RSIZE,12
CRYPTO_LIB_CHACHA20POLY1305,12
CRYPTO_LIB_SHA1,10
CRYPTO_LIB_SHA1_ARCH,6
CRYPTO_LIB_SHA256,12
CRYPTO_LIB_SHA256_ARCH,6
CRYPTO_LIB_SHA512,6
CRYPTO_LIB_SHA512_ARCH,6
CRYPTO_LIB_SM3,4
XXHASH,12
842_COMPRESS,6
842_DECOMPRESS,6
ZLIB_INFLATE,12
ZLIB_DEFLATE,12
LZO_COMPRESS,12
LZO_DECOMPRESS,12
LZ4_COMPRESS,12
LZ4HC_COMPRESS,12
LZ4_DECOMPRESS,12
ZSTD_COMMON,10
ZSTD_COMPRESS,12
ZSTD_DECOMPRESS,12
XZ_DEC,12
XZ_DEC_X86,12
XZ_DEC_POWERPC,6
XZ_DEC_ARM,6
XZ_DEC_ARMTHUMB,6
XZ_DEC_ARM64,6
XZ_DEC_SPARC,6
XZ_DEC_RISCV,6
XZ_DEC_MICROLZMA,6
XZ_DEC_BCJ,12
DECOMPRESS_GZIP,12
DECOMPRESS_BZIP2,12
DECOMPRESS_LZMA,12
DECOMPRESS_XZ,12
DECOMPRESS_LZO,12
DECOMPRESS_LZ4,12
DECOMPRESS_ZSTD,12
GENERIC_ALLOCATOR,12
REED_SOLOMON,12
REED_SOLOMON_ENC8,12
REED_SOLOMON_DEC8,12
BCH,10
TEXTSEARCH,12
TEXTSEARCH_KMP,12
TEXTSEARCH_BM,12
TEXTSEARCH_FSM,12
BTREE,12
INTERVAL_TREE,12
INTERVAL_TREE_SPAN_ITER,6
XARRAY_MULTI,12
ASSOCIATIVE_ARRAY,12
CLOSURES,6
HAS_IOMEM,12
HAS_IOPORT,6
HAS_IOPORT_MAP,12
HAS_DMA,12
DMA_OPS_HELPERS,6
NEED_SG_DMA_FLAGS,6
NEED_SG_DMA_LENGTH,12
NEED_DMA_MAP_STATE,12
ARCH_DMA_ADDR_T_64BIT,12
ARCH_HAS_FORCE_DMA_UNENCRYPTED,12
SWIOTLB,12
DMA_NEED_SYNC,6
DMA_COHERENT_POOL,12
DMA_CMA,6
CMA_SIZE_SEL_MBYTES,6
CMA_ALIGNMENT,6
SGL_ALLOC,12
CHECK_SIGNATURE,12
CPUMASK_OFFSTACK,12
CPU_RMAP,12
DQL,12
GLOB,12
NLATTR,12
LRU_CACHE,12
CLZ_TAB,12
IRQ_POLL,12
MPILIB,12
SIGNATURE,12
DIMLIB,12
LIBFDT,6
OID_REGISTRY,12
UCS2_STRING,12
HAVE_GENERIC_VDSO,12
GENERIC_GETTIMEOFDAY,12
GENERIC_VDSO_OVERFLOW_PROTECT,6
VDSO_GETRANDOM,6
FONT_SUPPORT,12
FONTS,10
FONT_8x8,12
FONT_8x16,12
FONT_TER16x32,10
SG_POOL,12
ARCH_HAS_PMEM_API,12
MEMREGION,12
ARCH_HAS_CPU_CACHE_INVALIDATE_MEMREGION,6
ARCH_HAS_UACCESS_FLUSHCACHE,12
ARCH_HAS_COPY_MC,12
ARCH_STACKWALK,12
STACKDEPOT,10
STACKDEPOT_MAX_FRAMES,6
SBITMAP,12
PARMAN,6
OBJAGG,6
PLDMFW,12
ASN1_ENCODER,6
POLYNOMIAL,6
FIRMWARE_TABLE,6
UNION_FIND,6
MIN_HEAP,6
PRINTK_TIME,12
STACKTRACE_BUILD_ID,4
CONSOLE_LOGLEVEL_DEFAULT,12
CONSOLE_LOGLEVEL_QUIET,12
MESSAGE_LOGLEVEL_DEFAULT,12
BOOT_PRINTK_DELAY,12
DYNAMIC_DEBUG,12
DYNAMIC_DEBUG_CORE,12
SYMBOLIC_ERRNAME,12
DEBUG_BUGVERBOSE,12
DEBUG_KERNEL,12
DEBUG_INFO,12
AS_HAS_NON_CONST_ULEB128,6
DEBUG_INFO_DWARF5,4
DEBUG_INFO_COMPRESSED_NONE,6
DEBUG_INFO_BTF,12
PAHOLE_HAS_SPLIT_BTF,10
PAHOLE_HAS_LANG_EXCLUDE,10
DEBUG_INFO_BTF_MODULES,10
GDB_SCRIPTS,4
FRAME_WARN,12
STRIP_ASM_SYMS,12
SECTION_MISMATCH_WARN_ONLY,12
OBJTOOL,10
MAGIC_SYSRQ,12
MAGIC_SYSRQ_DEFAULT_ENABLE,12
MAGIC_SYSRQ_SERIAL,12
DEBUG_FS,12
DEBUG_FS_ALLOW_ALL,12
HAVE_ARCH_KGDB,12
ARCH_HAS_UBSAN,6
HAVE_ARCH_KCSAN,12
HAVE_KCSAN_COMPILER,10
SLUB_DEBUG,12
PAGE_POISONING,12
DEBUG_RODATA_TEST,4
ARCH_HAS_DEBUG_WX,12
DEBUG_WX,12
ARCH_HAS_PTDUMP,6
PTDUMP,6
HAVE_DEBUG_KMEMLEAK,12
SHRINKER_DEBUG,4
SCHED_STACK_END_CHECK,12
ARCH_HAS_DEBUG_VM_PGTABLE,12
ARCH_HAS_DEBUG_VIRTUAL,12
DEBUG_MEMORY_INIT,12
HAVE_ARCH_KASAN,12
HAVE_ARCH_KASAN_VMALLOC,12
CC_HAS_KASAN_GENERIC,12
CC_HAS_KASAN_SW_TAGS,6
CC_HAS_WORKING_NOSANITIZE_ADDRESS,12
HAVE_ARCH_KFENCE,10
KFENCE,6
KFENCE_SAMPLE_INTERVAL,6
KFENCE_NUM_OBJECTS,6
KFENCE_DEFERRABLE,4
HAVE_ARCH_KMSAN,10
DEBUG_SHIRQ,6
LOCKUP_DETECTOR,12
SOFTLOCKUP_DETECTOR,12
SOFTLOCKUP_DETECTOR_INTR_STORM,6
HAVE_HARDLOCKUP_DETECTOR_BUDDY,6
HARDLOCKUP_DETECTOR,12
HARDLOCKUP_DETECTOR_PERF,12
HARDLOCKUP_DETECTOR_COUNTS_HRTIMER,6
HARDLOCKUP_CHECK_TIMESTAMP,12
DETECT_HUNG_TASK,10
DEFAULT_HUNG_TASK_TIMEOUT,10
DETECT_HUNG_TASK_BLOCKER,4
SCHED_INFO,12
SCHEDSTATS,12
LOCK_DEBUGGING_SUPPORT,12
STACKTRACE,12
RCU_CPU_STALL_TIMEOUT,12
USER_STACKTRACE_SUPPORT,12
NOP_TRACER,12
HAVE_RETHOOK,10
RETHOOK,10
HAVE_FUNCTION_TRACER,12
HAVE_FUNCTION_GRAPH_TRACER,12
HAVE_FUNCTION_GRAPH_FREGS,6
HAVE_FTRACE_GRAPH_FUNC,6
HAVE_DYNAMIC_FTRACE,12
HAVE_DYNAMIC_FTRACE_WITH_REGS,12
HAVE_DYNAMIC_FTRACE_WITH_DIRECT_CALLS,12
HAVE_DYNAMIC_FTRACE_WITH_ARGS,10
HAVE_FTRACE_REGS_HAVING_PT_REGS,6
HAVE_DYNAMIC_FTRACE_NO_PATCHABLE,10
HAVE_SYSCALL_TRACEPOINTS,12
HAVE_FENTRY,12
HAVE_OBJTOOL_MCOUNT,10
HAVE_OBJTOOL_NOP_MCOUNT,6
HAVE_C_RECORDMCOUNT,12
HAVE_BUILDTIME_MCOUNT_SORT,10
BUILDTIME_MCOUNT_SORT,10
TRACER_MAX_TRACE,12
TRACE_CLOCK,12
RING_BUFFER,12
EVENT_TRACING,12
CONTEXT_SWITCH_TRACER,12
TRACING,12
GENERIC_TRACER,12
TRACING_SUPPORT,12
FTRACE,12
BOOTTIME_TRACING,6
FUNCTION_TRACER,12
FUNCTION_GRAPH_TRACER,12
FUNCTION_GRAPH_RETVAL,6
FUNCTION_GRAPH_RETADDR,4
FUNCTION_TRACE_ARGS,6
DYNAMIC_FTRACE,12
DYNAMIC_FTRACE_WITH_REGS,12
DYNAMIC_FTRACE_WITH_DIRECT_CALLS,12
DYNAMIC_FTRACE_WITH_ARGS,10
FPROBE,6
FUNCTION_PROFILER,6
STACK_TRACER,12
SCHED_TRACER,6
HWLAT_TRACER,6
OSNOISE_TRACER,6
TIMERLAT_TRACER,6
MMIOTRACE,12
FTRACE_SYSCALLS,12
TRACER_SNAPSHOT,12
BRANCH_PROFILE_NONE,12
BLK_DEV_IO_TRACE,12
FPROBE_EVENTS,6
PROBE_EVENTS_BTF_ARGS,6
KPROBE_EVENTS,12
UPROBE_EVENTS,12
EPROBE_EVENTS,6
BPF_EVENTS,12
DYNAMIC_EVENTS,12
PROBE_EVENTS,12
BPF_KPROBE_OVERRIDE,4
FTRACE_MCOUNT_USE_CC,10
TRACING_MAP,10
SYNTH_EVENTS,10
USER_EVENTS,4
HIST_TRIGGERS,10
HAVE_SAMPLE_FTRACE_DIRECT,10
HAVE_SAMPLE_FTRACE_DIRECT_MULTI,10
ARCH_HAS_DEVMEM_IS_ALLOWED,12
STRICT_DEVMEM,12
IO_STRICT_DEVMEM,12
EARLY_PRINTK_USB,6
EARLY_PRINTK,12
EARLY_PRINTK_DBGP,6
EARLY_PRINTK_USB_XDBC,6
HAVE_MMIOTRACE_SUPPORT,12
X86_DECODER_SELFTEST,6
IO_DELAY_0X80,12
DEBUG_BOOT_PARAMS,6
UNWINDER_ORC,12
FUNCTION_ERROR_INJECTION,4
ARCH_HAS_KCOV,12
RUNTIME_TESTING_MENU,12
ASYNC_RAID6_TEST,6
ARCH_USE_MEMTEST,10
MEMTEST,12
RUST_OVERFLOW_CHECKS,6
IO_URING_ZCRX,6
ASYNC_KERNEL_PGTABLE_FREE,5
RUSTC_HAS_SLICE_AS_FLATTENED,4
CMDLINE_LOG_WRAP_IDEAL_LEN,4
KEXEC_HANDOVER_DEBUGFS,4
LIVEUPDATE,2
HAVE_KLP_BUILD,4
PM_QOS_CPU_SYSTEM_WAKEUP,4
UNWIND_USER,4
HAVE_UNWIND_USER_FP,4
TRANSPARENT_HUGEPAGE_SHMEM_HUGE_WITHIN_SIZE,2
TRANSPARENT_HUGEPAGE_TMPFS_HUGE_WITHIN_SIZE,2
SMC_HS_CTRL_BPF,2
NET_DSA_TAG_MXL_GSW1XX,2
NET_DSA_TAG_YT921X,2
PCI_IDE,4
PCI_TSM,4
PCI_PWRCTRL_TC9563,4
NET_DSA_LANTIQ_COMMON,2
NET_DSA_MXL_GSW1XX,2
NET_DSA_YT921X,2
NET_VENDOR_MUCSE,2
MGBE,2
STMMAC_LIBPCI,2
RTW89_8852AU,4
RTW89_8852CU,4
SERIAL_8250_KEBA,2
SPI_MICROCHIP_CORE_SPI,2
GPIO_QIXIS_FPGA,4
CHARGER_RT9756,4
SENSORS_MAX17616,4
SENSORS_MP2925,4
SENSORS_MP9945,4
SENSORS_TSC1641,4
MFD_MAX5970,4
REGULATOR_FP9931,2
VIDEO_IMX111,4
BACKLIGHT_AW99706,4
DRM_ACCEL_ARM_ETHOSU,2
SND_SOC_SDCA_FDL,4
SND_SOC_SDCA_CLASS,4
SND_SOC_SDCA_CLASS_FUNCTION,4
SND_SOC_SOF_INTEL_NVL,4
SND_SOC_SOF_NOVALAKE,4
SND_SOC_CS530X_SPI,4
LEDS_MAX5970,4
INFINIBAND_BNG_RE,4
EDAC_IMH,4
RTC_DRV_NVIDIA_VRS10,1
UIO_PCI_GENERIC_SVA,2
VFIO_PCI_DMABUF,4
XE_VFIO_PCI,4
TSM,4
X86_PLATFORM_DRIVERS_UNIWILL,4
UNIWILL_LAPTOP,4
ASUS_ARMOURY,4
ASUS_WMI_DEPRECATED_ATTRS,4
AYANEO_EC,4
INTEL_EHL_PSE_IO,4
GENERIC_PT,4
IOMMU_PT,4
IOMMU_PT_AMDV1,4
IOMMU_PT_VTDSS,4
IOMMU_PT_X86_64,4
BMA220_I2C,2
BMA220_SPI,2
MAX14001,4
AD5446_SPI,2
AD5446_I2C,2
INV_ICM45600,4
INV_ICM45600_I2C,4
INV_ICM45600_SPI,4
SMI330,4
SMI330_I2C,4
SMI330_SPI,4
ADP810,2
RAMDAX,4
NVMEM_QNAP_MCU_EEPROM,4
SECURITY_SELINUX_AVC_HASH_BITS,4
CRYPTO_DF80090A,4
CRYPTO_LIB_BLAKE2B,4
CRYPTO_LIB_POLYVAL,4
CRYPTO_LIB_POLYVAL_ARCH,4
CRYPTO_LIB_SHA3,4
DEBUG_BUGVERBOSE_DETAILED,2
HAVE_DYNAMIC_FTRACE_WITH_JMP,4
DYNAMIC_FTRACE_WITH_JMP,4
TRACE_SYSCALL_BUF_SIZE_DEFAULT,4
CC_CAN_LINK_STATIC,6
CC_HAS_ASM_GOTO,2
BUILD_SALT,4
KERNEL_XZ,6
USELIB,6
GENERIC_MSI_IRQ_DOMAIN,6
IRQ_MSI_IOMMU,6
CLOCKSOURCE_VALIDATE_LAST_CYCLE,6
NO_HZ_IDLE,2
PREEMPT_VOLUNTARY,6
TICK_CPU_ACCOUNTING,2
SRCU,6
BUILD_BIN2C,6
PRINTK_SAFE_LOG_BUF_SHIFT,6
MEMCG_SWAP,2
MEMCG_KMEM,6
PROC_PID_CPUSET,6
EXPERT,8
SYSFS_SYSCALL,8
PRINTK_NMI,2
BASE_FULL,6
KALLSYMS_ABSOLUTE_PERCPU,6
KALLSYMS_BASE_RELATIVE,6
ARCH_HAS_FILTER_PGPROT,2
X86_64_SMP,6
CC_HAS_SANE_STACKPROTECTOR,6
X86_FEATURE_NAMES,6
XEN_SAVE_RESTORE,6
GENERIC_CPU,6
X86_CMPXCHG64,6
GART_IOMMU,6
MICROCODE_INTEL,6
MICROCODE_AMD,6
NUMA_EMU,6
ARCH_SELECT_MEMORY_MODEL,2
X86_RESERVE_LOW,2
MTRR_SANITIZER_SPARE_REG_NR_DEFAULT,8
ARCH_USES_PG_UNCACHED,6
ARCH_RANDOM,2
X86_SMAP,2
X86_INTEL_TSX_MODE_OFF,8
HZ_250,6
ARCH_HAS_KEXEC_PURGATORY,6
DYNAMIC_MEMORY_LAYOUT,6
LEGACY_VSYSCALL_NONE,6
LIVEPATCH,8
PAGE_TABLE_ISOLATION,6
RETPOLINE,6
RETHUNK,6
CPU_UNRET_ENTRY,6
CPU_IBPB_ENTRY,6
CPU_IBRS_ENTRY,6
CPU_SRSO,6
PM_ADVANCED_DEBUG,6
SFI,2
X86_SPEEDSTEP_CENTRINO,6
X86_X32,2
X86_X32_DISABLED,6
EFI_GENERIC_STUB_INITRD_CMDLINE_LOADER,6
RESET_ATTACK_MITIGATION,6
HAVE_KVM,6
HAVE_KVM_IRQFD,6
HAVE_KVM_EVENTFD,6
KVM_XFER_TO_GUEST_WORK,6
KVM_WERROR,6
AS_AVX512,6
AS_SHA1_NI,6
AS_SHA256_NI,6
AS_TPAUSE,6
CRASH_CORE,6
OPROFILE,2
HAVE_OPROFILE,2
OPROFILE_NMI_TIMER,2
HAVE_ARCH_STACKLEAK,6
HAVE_CONTEXT_TRACKING,2
MODVERSIONS,6
ASM_MODVERSIONS,6
MODULE_SIG_SHA256,6
BLK_SCSI_REQUEST,2
BLK_DEV_INTEGRITY_T10,6
BLK_DEBUG_FS_ZONED,6
ACORN_PARTITION,6
ACORN_PARTITION_ICS,6
ACORN_PARTITION_RISCIX,6
OSF_PARTITION,8
AMIGA_PARTITION,6
ATARI_PARTITION,6
UNIXWARE_DISKLABEL,8
SGI_PARTITION,8
ULTRIX_PARTITION,6
SUN_PARTITION,8
BLOCK_COMPAT,6
BLK_MQ_PCI,6
BLK_MQ_VIRTIO,6
BLK_MQ_RDMA,6
INLINE_SPIN_UNLOCK_IRQ,2
INLINE_READ_UNLOCK,2
INLINE_READ_UNLOCK_IRQ,2
INLINE_WRITE_UNLOCK,2
INLINE_WRITE_UNLOCK_IRQ,2
SELECT_MEMORY_MODEL,2
SPARSEMEM_MANUAL,2
NEED_MULTIPLE_NODES,2
HAVE_FAST_GUP,6
MEMORY_HOTPLUG_SPARSE,2
SPLIT_PTLOCK_CPUS,6
BOUNCE,2
VIRT_TO_BUS,2
FRONTSWAP,6
ZSWAP_COMPRESSOR_DEFAULT_LZO,8
ZSWAP_ZPOOL_DEFAULT_ZBUD,6
ZSWAP_ZPOOL_DEFAULT,6
ZPOOL,6
ZBUD,6
Z3FOLD,6
DEFERRED_STRUCT_PAGE_INIT,6
ARCH_HAS_PTE_DEVMAP,6
DEV_PAGEMAP_OPS,2
FRAME_VECTOR,2
UNIX_SCM,2
NF_LOG_COMMON,2
NF_LOG_NETDEV,2
NF_CT_PROTO_DCCP,6
NFT_COUNTER,2
NFT_OBJREF,6
NF_FLOW_TABLE_IPV4,2
IP_NF_TARGET_CLUSTERIP,6
NF_FLOW_TABLE_IPV6,2
NF_LOG_BRIDGE,2
IP_DCCP,6
INET_DCCP_DIAG,6
IP_DCCP_CCID3,6
IP_DCCP_TFRC_LIB,6
SCTP_DEFAULT_COOKIE_HMAC_SHA1,6
SCTP_COOKIE_HMAC_MD5,6
SCTP_COOKIE_HMAC_SHA1,6
HAVE_NET_DSA,2
DEV_APPLETALK,6
IPDDP,6
IPDDP_ENCAP,6
LAPB,6
NET_ACT_IPT,6
BATMAN_ADV_NC,6
BATMAN_ADV_DEBUGFS,2
CAN_EMS_PCMCIA,6
CAN_ESD_USB2,2
BT_CMTP,6
BT_HS,6
WEXT_SPY,6
CFG80211_WEXT_EXPORT,6
LIB80211,6
LIB80211_CRYPT_WEP,6
LIB80211_CRYPT_CCMP,6
LIB80211_CRYPT_TKIP,6
WIMAX,2
WIMAX_DEBUG_LEVEL,2
HAVE_EISA,2
PCI_MSI_IRQ_DOMAIN,6
PCI_REALLOC_ENABLE_AUTO,6
PCIE_BUS_DEFAULT,8
FW_LOADER_USER_HELPER,6
MTD_AR7_PARTS,6
MTD_REDBOOT_PARTS,6
MTD_REDBOOT_DIRECTORY_BLOCK,6
MTD_BLOCK_RO,6
FTL,6
NFTL,6
NFTL_RW,6
INFTL,6
RFD_FTL,6
SSFDC,6
MTD_OOPS,6
MTD_SWAP,6
MTD_CFI,6
MTD_JEDECPROBE,6
MTD_GEN_PROBE,6
MTD_CFI_INTELEXT,6
MTD_CFI_AMDSTD,6
MTD_CFI_STAA,6
MTD_CFI_UTIL,6
MTD_RAM,6
MTD_ABSENT,6
MTD_COMPLEX_MAPPINGS,6
MTD_PHYSMAP,6
MTD_SBC_GXX,6
MTD_NETtel,6
MTD_PCI,6
MTD_PCMCIA,6
MTD_INTEL_VR_NOR,6
MTD_PLATRAM,6
MTD_DATAFLASH,6
MTD_SST25L,6
MTD_SLRAM,6
MTD_ONENAND,6
MTD_ONENAND_VERIFY_WRITE,6
MTD_ONENAND_2X_PROGRAM,6
MTD_NAND_CAFE,6
MTD_SM_COMMON,6
MTD_NAND_RICOH,6
MTD_NAND_DISKONCHIP,6
MTD_LPDDR,6
MTD_QINFO_PROBE,6
MTD_UBI_BLOCK,6
BLK_DEV_UMEM,2
BLK_DEV_LOOP_MIN_COUNT,6
BLK_DEV_SKD,2
CDROM_PKTCDVD,2
CDROM_PKTCDVD_BUFFERS,2
BLK_DEV_RSXX,2
EEPROM_AT25,6
EEPROM_LEGACY,6
HAVE_IDE,2
SCSI_DPT_I2O,2
SCSI_GDTH,2
MD_MULTIPATH,6
MD_FAULTY,6
ARCNET,6
ARCNET_1201,6
ARCNET_1051,6
ARCNET_RAW,6
ARCNET_CAP,6
ARCNET_COM90xx,6
ARCNET_COM90xxIO,6
ARCNET_RIM_I,6
ARCNET_COM20020,6
ARCNET_COM20020_PCI,6
ARCNET_COM20020_CS,6
ATM_DUMMY,6
ATM_FIRESTREAM,2
ATM_ZATM,2
ATM_NICSTAR_USE_SUNI,6
ATM_NICSTAR_USE_IDT77105,6
ATM_AMBASSADOR,2
ATM_HORIZON,2
IXGB,6
IXGBE_IPSEC,8
MLX5_ACCEL,2
VXGE,2
HIPPI,6
ROADRUNNER,6
NET_SB1000,6
ROCKCHIP_PHY,6
MDIO_DEVICE,6
MDIO_DEVRES,6
ATMEL,6
PCI_ATMEL,6
PCMCIA_ATMEL,6
WLAN_VENDOR_CISCO,6
AIRO,6
AIRO_CS,6
HOSTAP,6
HOSTAP_FIRMWARE,6
HOSTAP_PLX,6
HOSTAP_PCI,6
HOSTAP_CS,6
HERMES,6
HERMES_CACHE_FW_ON_INIT,6
PLX_HERMES,6
TMD_HERMES,6
NORTEL_HERMES,6
PCMCIA_HERMES,6
PCMCIA_SPECTRUM,6
ORINOCO_USB,6
LIBERTAS_CS,6
USB_ZD1201,6
PCMCIA_RAYCS,6
PCMCIA_WL3501,6
USB_NET_RNDIS_WLAN,6
WIMAX_I2400M,2
WIMAX_I2400M_USB,2
WIMAX_I2400M_DEBUG_LEVEL,2
WAN,6
LANMEDIA,2
HDLC,6
HDLC_RAW,6
HDLC_RAW_ETH,6
HDLC_CISCO,6
HDLC_FR,6
HDLC_PPP,6
PCI200SYN,6
WANXL,6
FARSYNC,6
DLCI,2
DLCI_MAX,2
CAPI_TRACE,6
ISDN_CAPI_MIDDLEWARE,6
TABLET_USB_GTCO,2
TOUCHSCREEN_PROPERTIES,2
TOUCHSCREEN_MCS5000,6
TOUCHSCREEN_MK712,6
GAMEPORT_NS558,6
GAMEPORT_L4,6
HW_CONSOLE,6
ROCKETPORT,2
CYCLADES,2
SYNCLINK,2
SYNCLINKMP,2
SYNCLINK_GT,6
ISI,2
TTY_PRINTK,6
TTY_PRINTK_LEVEL,6
SYNCLINK_CS,6
CARDMAN_4000,6
CARDMAN_4040,6
SCR24X,6
RAW_DRIVER,2
MAX_RAW_DEVS,2
HPET_MMAP,6
HPET_MMAP_DEFAULT,6
RANDOM_TRUST_CPU,6
RANDOM_TRUST_BOOTLOADER,6
I2C_COMPAT,6
I2C_AMD756_S4882,6
I2C_NFORCE2_S4985,6
GPIO_SYSFS,6
W1_SLAVE_DS2408_READBACK,6
SENSORS_ADM1021,2
SENSORS_AMD_ENERGY,2
SENSORS_ASPEED,2
SENSORS_MAX6642,2
SENSORS_SMM665,6
THERMAL_STATISTICS,8
THERMAL_WRITABLE_TRIPS,6
WATCHDOG_PRETIMEOUT_DEFAULT_GOV_NOOP,6
CPU5_WDT,6
IR_SIR,2
MEDIA_SDR_SUPPORT,6
VIDEO_V4L2,2
VIDEOBUF_GEN,6
VIDEOBUF_DMA_SG,6
VIDEOBUF_VMALLOC,6
MEDIA_CONTROLLER_REQUEST_API,6
VIDEO_CPIA2,2
USB_ZR364XX,2
USB_STKWEBCAM,2
VIDEO_STK1160_COMMON,6
VIDEO_TM6000,2
VIDEO_TM6000_ALSA,2
VIDEO_TM6000_DVB,2
USB_AIRSPY,6
USB_HACKRF,6
USB_MSI2500,6
VIDEO_MEYE,2
VIDEO_FB_IVTV,8
DVB_BUDGET_PATCH,2
VIDEO_VIA_CAMERA,6
VIDEO_TLV320AIC23B,8
VIDEO_BT819,8
VIDEO_BT856,8
VIDEO_KS0127,8
VIDEO_SAA7110,8
VIDEO_VPX3220,8
VIDEO_SAA7185,8
VIDEO_ADV7170,8
VIDEO_ADV7175,8
VIDEO_SR030PC30,6
VIDEO_NOON010PC30,6
MEDIA_TUNER_MSI001,6
DVB_RTL2832_SDR,6
DRM_DP_AUX_CHARDEV,6
DRM_KMS_FB_HELPER,2
DRM_DP_CEC,6
DRM_TTM_DMA_PAGE_POOL,2
DRM_I2C_CH7006,6
DRM_I2C_SIL164,6
DRM_AMD_DC_DCN,6
DRM_AMD_DC_DCN3_0,2
DRM_AMD_DC_HDCP,6
DRM_VMWGFX_FBCON,2
DRM_GMA600,2
DRM_GMA3600,2
FB_CMDLINE,6
FIRMWARE_EDID,6
FB_DDC,6
FB_BOOT_VESA_SUPPORT,2
FB_SYS_FOPS,6
FB_HECUBA,6
FB_SVGALIB,6
FB_BACKLIGHT,8
FB_MODE_HELPERS,6
FB_TILEBLITTING,8
FB_CIRRUS,6
FB_PM2,6
FB_PM2_FIFO_DISCONNECT,6
FB_CYBER2000,6
FB_CYBER2000_DDC,6
FB_ARC,6
FB_VGA16,6
FB_UVESA,6
FB_N411,6
FB_HGA,6
FB_LE80578,6
FB_CARILLO_RANCH,6
FB_MATROX,6
FB_MATROX_MILLENIUM,6
FB_MATROX_MYSTIQUE,6
FB_MATROX_G,6
FB_MATROX_I2C,6
FB_MATROX_MAVEN,6
FB_RADEON,6
FB_RADEON_I2C,6
FB_RADEON_BACKLIGHT,6
FB_ATY128,6
FB_ATY128_BACKLIGHT,6
FB_ATY,6
FB_ATY_CT,6
FB_ATY_GX,6
FB_ATY_BACKLIGHT,6
FB_S3,6
FB_S3_DDC,6
FB_SAVAGE,6
FB_SIS,6
FB_SIS_300,6
FB_SIS_315,6
FB_VIA,6
FB_VIA_X_COMPATIBILITY,6
FB_NEOMAGIC,6
FB_KYRO,6
FB_3DFX,6
FB_3DFX_I2C,6
FB_VOODOO1,6
FB_VT8623,6
FB_TRIDENT,6
FB_ARK,6
FB_PM3,6
FB_SMSCUFX,6
FB_UDL,6
FB_VIRTUAL,6
FB_MB862XX,6
FB_MB862XX_PCI_GDC,6
FB_MB862XX_I2C,6
FB_HYPERV,2
VGASTATE,6
SND_SUPPORT_OLD_API,6
SND_PCSP,8
SND_HDA_INPUT_BEEP_MODE,6
SND_HDA_PREALLOC_SIZE,2
SND_SOC_INTEL_SST,6
SND_SOC_INTEL_SKYLAKE,6
SND_SOC_INTEL_SKL,6
SND_SOC_INTEL_APL,6
SND_SOC_INTEL_KBL,6
SND_SOC_INTEL_GLK,6
SND_SOC_INTEL_CNL,6
SND_SOC_INTEL_CFL,6
SND_SOC_INTEL_SKYLAKE_FAMILY,6
SND_SOC_INTEL_SKYLAKE_SSP_CLK,6
SND_SOC_INTEL_SKYLAKE_HDAUDIO_CODEC,6
SND_SOC_INTEL_SKYLAKE_COMMON,6
SND_SOC_INTEL_SKL_RT286_MACH,6
SND_SOC_INTEL_SKL_NAU88L25_SSM4567_MACH,6
SND_SOC_INTEL_SKL_NAU88L25_MAX98357A_MACH,6
SND_SOC_INTEL_DA7219_MAX98357A_GENERIC,6
SND_SOC_INTEL_KBL_RT5663_MAX98927_MACH,6
SND_SOC_INTEL_KBL_RT5663_RT5514_MAX98927_MACH,6
SND_SOC_INTEL_KBL_DA7219_MAX98357A_MACH,6
SND_SOC_SOF_INTEL_PCI,2
SND_SOC_SOF_MERRIFIELD_SUPPORT,2
SND_SOC_SOF_APOLLOLAKE_SUPPORT,2
SND_SOC_SOF_GEMINILAKE_SUPPORT,2
SND_SOC_SOF_CANNONLAKE_SUPPORT,2
SND_SOC_SOF_COFFEELAKE_SUPPORT,2
SND_SOC_SOF_ICELAKE_SUPPORT,2
SND_SOC_SOF_COMETLAKE_SUPPORT,2
SND_SOC_SOF_COMETLAKE_LP_SUPPORT,2
SND_SOC_SOF_TIGERLAKE_SUPPORT,2
SND_SOC_SOF_ELKHARTLAKE_SUPPORT,2
SND_SOC_SOF_JASPERLAKE_SUPPORT,2
SND_SOC_SOF_INTEL_SOUNDWIRE_LINK,2
SND_SOC_HDAC_HDMI,6
SND_SOC_RT5514_SPI,6
USB_DYNAMIC_MINORS,6
USB_U132_HCD,6
USB_SERIAL_XIRCOM,2
USB_FTDI_ELAN,6
MEMSTICK_REALTEK_PCI,6
LEDS_CLEVO_MAIL,2
LEDS_TRIGGER_AUDIO,6
INFINIBAND_QIB,6
INFINIBAND_QIB_DCA,6
INFINIBAND_I40IW,2
EDAC_I5000,6
VFIO_PCI_MMAP,6
VFIO_MDEV_DEVICE,2
PRISM2_USB,6
COMEDI,6
COMEDI_DEFAULT_BUF_SIZE_KB,6
COMEDI_DEFAULT_BUF_MAXSIZE_KB,6
COMEDI_MISC_DRIVERS,6
COMEDI_BOND,6
COMEDI_TEST,6
COMEDI_PARPORT,6
COMEDI_PCI_DRIVERS,6
COMEDI_8255_PCI,6
COMEDI_ADDI_WATCHDOG,6
COMEDI_ADDI_APCI_1032,6
COMEDI_ADDI_APCI_1500,6
COMEDI_ADDI_APCI_1516,6
COMEDI_ADDI_APCI_1564,6
COMEDI_ADDI_APCI_16XX,6
COMEDI_ADDI_APCI_2032,6
COMEDI_ADDI_APCI_2200,6
COMEDI_ADDI_APCI_3120,6
COMEDI_ADDI_APCI_3501,6
COMEDI_ADDI_APCI_3XXX,6
COMEDI_ADL_PCI6208,6
COMEDI_ADL_PCI7X3X,6
COMEDI_ADL_PCI8164,6
COMEDI_ADL_PCI9111,6
COMEDI_ADL_PCI9118,6
COMEDI_ADV_PCI1710,6
COMEDI_ADV_PCI1720,6
COMEDI_ADV_PCI1723,6
COMEDI_ADV_PCI1724,6
COMEDI_ADV_PCI1760,6
COMEDI_ADV_PCI_DIO,6
COMEDI_AMPLC_DIO200_PCI,6
COMEDI_AMPLC_PC236_PCI,6
COMEDI_AMPLC_PC263_PCI,6
COMEDI_AMPLC_PCI224,6
COMEDI_AMPLC_PCI230,6
COMEDI_CONTEC_PCI_DIO,6
COMEDI_DAS08_PCI,6
COMEDI_DT3000,6
COMEDI_DYNA_PCI10XX,6
COMEDI_GSC_HPDI,6
COMEDI_MF6X4,6
COMEDI_ICP_MULTI,6
COMEDI_DAQBOARD2000,6
COMEDI_JR3_PCI,6
COMEDI_KE_COUNTER,6
COMEDI_CB_PCIDAS64,6
COMEDI_CB_PCIDAS,6
COMEDI_CB_PCIDDA,6
COMEDI_CB_PCIMDAS,6
COMEDI_CB_PCIMDDA,6
COMEDI_ME4000,6
COMEDI_ME_DAQ,6
COMEDI_NI_6527,6
COMEDI_NI_65XX,6
COMEDI_NI_660X,6
COMEDI_NI_670X,6
COMEDI_NI_LABPC_PCI,6
COMEDI_NI_PCIDIO,6
COMEDI_NI_PCIMIO,6
COMEDI_RTD520,6
COMEDI_S626,6
COMEDI_MITE,6
COMEDI_NI_TIOCMD,6
COMEDI_PCMCIA_DRIVERS,6
COMEDI_CB_DAS16_CS,6
COMEDI_DAS08_CS,6
COMEDI_NI_DAQ_700_CS,6
COMEDI_NI_DAQ_DIO24_CS,6
COMEDI_NI_LABPC_CS,6
COMEDI_NI_MIO_CS,6
COMEDI_QUATECH_DAQP_CS,6
COMEDI_USB_DRIVERS,6
COMEDI_DT9812,6
COMEDI_NI_USB6501,6
COMEDI_USBDUX,6
COMEDI_USBDUXFAST,6
COMEDI_USBDUXSIGMA,6
COMEDI_VMK80XX,6
COMEDI_8254,6
COMEDI_8255,6
COMEDI_8255_SA,6
COMEDI_KCOMEDILIB,6
COMEDI_AMPLC_DIO200,6
COMEDI_AMPLC_PC236,6
COMEDI_DAS08,6
COMEDI_NI_LABPC,6
COMEDI_NI_TIO,6
COMEDI_NI_ROUTING,6
RTL8192U,6
RTLLIB,6
RTLLIB_CRYPTO_CCMP,6
RTLLIB_CRYPTO_TKIP,6
RTLLIB_CRYPTO_WEP,6
RTL8192E,6
R8712U,3
R8188EU,6
88EU_AP_MODE,2
RTS5208,6
VT6656,6
ASHMEM,2
QLGE,6
PEAQ_WMI,6
DELL_RBU,6
HP_WIRELESS,2
INTEL_CHT_INT33FE,2
SURFACE_3_BUTTON,2
I2C_MULTI_INSTANTIATE,2
PMC_ATOM,2
CLKDEV_LOOKUP,2
IOASID,6
AMD_IOMMU_V2,6
INTEL_IOMMU_DEFAULT_ON_INTGPU_OFF,6
ADXL345,6
ADXL345_I2C,6
ADXL345_SPI,6
BMA180,6
PWM_SYSFS,6
ANDROID,2
ANDROID_BINDER_IPC,8
ANDROID_BINDER_DEVICES,8
ND_BLK,2
DAX_DRIVER,2
DEV_DAX_PMEM_COMPAT,2
REISERFS_FS,6
REISERFS_FS_XATTR,6
REISERFS_FS_POSIX_ACL,6
REISERFS_FS_SECURITY,6
MANDATORY_FILE_LOCKING,2
PRINT_QUOTA_WARNING,6
OVERLAY_FS_REDIRECT_ALWAYS_FOLLOW,8
ADFS_FS,6
ECRYPT_FS_MESSAGING,6
BFS_FS,6
EFS_FS,6
JFFS2_COMPRESSION_OPTIONS,6
JFFS2_LZO,6
JFFS2_CMODE_PRIORITY,6
UBIFS_FS_ADVANCED_COMPR,6
VXFS_FS,6
HPFS_FS,6
QNX4FS_FS,6
QNX6FS_FS,6
ROMFS_BACKED_BY_BOTH,6
ROMFS_ON_MTD,6
PSTORE_DEFLATE_COMPRESS,6
PSTORE_DEFLATE_COMPRESS_DEFAULT,6
PSTORE_COMPRESS_DEFAULT,6
SYSV_FS,6
EROFS_FS_CLUSTER_PAGE_LIMIT,2
NFS_DISABLE_UDP_SUPPORT,8
NFSD_V2_ACL,2
NFSD_V3,1
CIFS_WEAK_PW_HASH,2
SECURITY_PERF_EVENTS_RESTRICT,6
INTEL_TXT,8
HAVE_HARDENED_USERCOPY_ALLOCATOR,6
SECURITY_LOCKDOWN_LSM_EARLY,8
LOCK_DOWN_IN_EFI_SECURE_BOOT,8
DEFAULT_SECURITY_APPARMOR,6
INIT_STACK_NONE,2
CRYPTO_FIPS,8
CRYPTO_GF128MUL,6
CRYPTO_NULL2,6
CRYPTO_TEST,6
CRYPTO_SIMD,6
CRYPTO_GLUE_HELPER_X86,2
CRYPTO_CURVE25519,6
CRYPTO_CURVE25519_X86,6
CRYPTO_CFB,6
CRYPTO_OFB,6
CRYPTO_KEYWRAP,6
CRYPTO_VMAC,6
CRYPTO_CRC32C_INTEL,6
CRYPTO_CRC32_PCLMUL,6
CRYPTO_BLAKE2S,2
CRYPTO_BLAKE2S_X86,6
CRYPTO_CRCT10DIF,6
CRYPTO_CRCT10DIF_PCLMUL,6
CRYPTO_POLY1305,6
CRYPTO_POLY1305_X86_64,6
CRYPTO_RMD128,2
CRYPTO_RMD256,2
CRYPTO_RMD320,2
CRYPTO_SHA1_SSSE3,6
CRYPTO_SHA256_SSSE3,6
CRYPTO_SHA512_SSSE3,6
CRYPTO_TGR192,2
CRYPTO_SALSA20,2
CRYPTO_CHACHA20_X86_64,6
SYSTEM_TRUSTED_KEYS,2
RAID6_PQ_BENCHMARK,6
GENERIC_FIND_FIRST_BIT,2
CRYPTO_ARCH_HAVE_LIB_BLAKE2S,6
CRYPTO_LIB_BLAKE2S_GENERIC,6
CRYPTO_ARCH_HAVE_LIB_CHACHA,6
CRYPTO_LIB_CHACHA_GENERIC,6
CRYPTO_ARCH_HAVE_LIB_CURVE25519,6
CRYPTO_ARCH_HAVE_LIB_POLY1305,6
LIB_MEMNEQ,2
CRC32_SLICEBY8,6
LIBCRC32C,6
REED_SOLOMON_DEC16,6
DMA_OPS,6
IOMMU_HELPER,6
GENERIC_VDSO_TIME_NS,6
ENABLE_MUST_CHECK,2
STACK_VALIDATION,2
ARCH_HAS_UBSAN_SANITIZE_ALL,6
DEBUG_MISC,6
PAGE_EXTENSION,8
PAGE_POISONING_NO_SANITY,2
GENERIC_PTDUMP,6
PTDUMP_CORE,6
MEMORY_NOTIFIER_ERROR_INJECT,6
SCHED_DEBUG,6
DEBUG_LIST,8
BUG_ON_DATA_CORRUPTION,8
HAVE_FTRACE_MCOUNT_RECORD,6
RING_BUFFER_ALLOW_SWAP,2
FTRACE_MCOUNT_RECORD,6
X86_DEBUG_FPU,6
NOTIFIER_ERROR_INJECTION,6
PM_NOTIFIER_ERROR_INJECT,6
CC_HAS_SANCOV_TRACE_PC,6
TEST_USER_COPY,6
TEST_BPF,8
TEST_FIRMWARE,6
TEST_STATIC_KEYS,6
NFSD_V2,1
GCC_ASM_GOTO_OUTPUT_WORKAROUND,4
ARCH_NR_GPIO,4
X86_5LEVEL,4
SLS,4
HAVE_IMA_KEXEC,6
ARCH_SUPPORTS_CFI_CLANG,4
MODULE_COMPRESS_NONE,4
Z3FOLD_DEPRECATED,4
ARCH_HAS_ZONE_DMA_SET,6
PTE_MARKER,4
CS_DSP,4
GOOGLE_SMI,4
ZRAM_DEF_COMP_LZORLE,6
WATCHDOG_HRTIMER_PRETIMEOUT,4
DRM_NOMODESET,4
FB_SIMPLE,4
SND_HDA_CS_DSP_CONTROLS,4
SND_SOC_SOF_INTEL_IPC4,4
SND_SOC_SOF_INTEL_SKL,6
SND_SOC_SOF_SKYLAKE,6
SND_SOC_SOF_KABYLAKE,6
SND_SOC_SDW_MOCKUP,4
ARCH_WANT_HUGETLB_PAGE_OPTIMIZE_VMEMMAP,4
CIFS_STATS2,4
IMA,6
IMA_MEASURE_PCR_IDX,6
IMA_LSM_RULES,6
IMA_SIG_TEMPLATE,4
IMA_DEFAULT_TEMPLATE,6
IMA_DEFAULT_HASH_SHA256,6
IMA_DEFAULT_HASH,6
IMA_APPRAISE,6
IMA_ARCH_POLICY,6
IMA_APPRAISE_BOOTPARAM,6
IMA_MEASURE_ASYMMETRIC_KEYS,6
IMA_QUEUE_EARLY_BOOT_KEYS,6
IMA_SECURE_AND_OR_TRUSTED_BOOT,6
EVM,6
EVM_ATTR_FSUUID,6
CRYPTO_FIPS_NAME,6
CRYPTO_CRC64_ROCKSOFT,4
CRC64_ROCKSOFT,4
AS_HAS_NON_CONST_LEB128,4
DEBUG_INFO_DWARF_TOOLCHAIN_DEFAULT,6
MODULE_ALLOW_BTF_MISMATCH,4
MODULE_SIG_KEY_TYPE_RSA,5
UAPI_HEADER_TEST,2
TIME_KUNIT_TEST,2
BPF_PRELOAD,2
BPF_PRELOAD_UMD,2
PREEMPT_LAZY,2
MEMCG_V1,2
PRINTK_RINGBUFFER_KUNIT_TEST,2
CRASH_DUMP_KUNIT_TEST,2
X86_EXTENDED_PLATFORM,2
X86_NUMACHIP,2
X86_UV,2
XEN_DEBUG_FS,2
X86_MCELOG_LEGACY,2
KLP_BUILD,2
PM_TEST_SUSPEND,2
KVM_SW_PROTECTED_VM,2
MODULE_COMPRESS_XZ,2
RANDOM_KMALLOC_CACHES,2
TRANSPARENT_HUGEPAGE_MADVISE,2
TRANSPARENT_HUGEPAGE_SHMEM_HUGE_NEVER,2
TRANSPARENT_HUGEPAGE_TMPFS_HUGE_NEVER,2
NET_HANDSHAKE_KUNIT_TEST,2
MPTCP_KUNIT_TEST,2
BATMAN_ADV_TRACING,2
PRP_DUP_DISCARD_KUNIT_TEST,2
CFG80211_KUNIT_TEST,2
MAC80211_KUNIT_TEST,2
NETDEV_ADDR_LIST_TEST,2
NET_TEST,2
HOTPLUG_PCI_OCTEONEP,2
PM_RUNTIME_KUNIT_TEST,2
DRIVER_PE_KUNIT_TEST,2
REGMAP_KUNIT,2
REGMAP_RAM,2
REGMAP_I3C,2
FW_CS_DSP_KUNIT_TEST_UTILS,2
FW_CS_DSP_KUNIT_TEST,2
EFI_TEST,2
EFI_SBAT,2
MTD_MCHP48L640,2
DTC,2
BLK_DEV_RUST_NULL,2
SGI_XP,2
SGI_GRU,2
SCSI_LIB_KUNIT_TEST,2
SCSI_PROTO_TEST,2
MD_AUTODETECT,2
DM_INIT,2
FUSION_LOGGING,2
FIREWIRE_KUNIT_UAPI_TEST,2
FIREWIRE_KUNIT_PACKET_SERDES_TEST,2
FIREWIRE_KUNIT_SELF_ID_SEQUENCE_HELPER_TEST,2
FIREWIRE_KUNIT_OHCI_SERDES_TEST,2
IDPF_SINGLEQ,2
RUST_PHYLIB_ABSTRACTIONS,2
AX88796B_RUST_PHY,2
MCTP_TRANSPORT_I3C,2
IWLWIFI_KUNIT_TESTS,2
INPUT_KUNIT_TEST,2
INPUT_CS40L50_VIBRA,2
CONSOLE_POLL,2
UV_MMTIMER,2
I2C_DESIGNWARE_AMDPSP,2
I3C,2
ADI_I3C_MASTER,2
CDNS_I3C_MASTER,2
DW_I3C_MASTER,2
SVC_I3C_MASTER,2
MIPI_I3C_HCI,2
MIPI_I3C_HCI_PCI,2
GPIO_VIRTUSER,2
W1_SLAVE_DS2433_CRC,2
BATTERY_SAMSUNG_SDI,2
PCIE_THERMAL,2
VIDEO_TDA1997X,2
VIDEO_ADV7180,2
VIDEO_ADV7183,2
VIDEO_ADV7604,2
VIDEO_ADV7842,2
VIDEO_BT866,2
VIDEO_LT6911UXE,2
VIDEO_ML86V7667,2
VIDEO_TC358743,2
VIDEO_TC358743_CEC,2
VIDEO_TC358746,2
VIDEO_TVP514X,2
VIDEO_TVP7002,2
VIDEO_TW9910,2
VIDEO_ADV7343,2
VIDEO_ADV7393,2
VIDEO_ADV7511,2
VIDEO_AK881X,2
VIDEO_THS8200,2
VIDEO_I2C,2
VIDEO_ST_MIPID02,2
VIDEO_THS7303,2
AUXDISPLAY,2
CHARLCD,2
HD44780_COMMON,2
HD44780,2
CHARLCD_BL_FLASH,2
KS0108,2
KS0108_PORT,2
KS0108_DELAY,2
CFAG12864B,2
CFAG12864B_RATE,2
LINEDISP,2
HT16K33,2
DRM_WERROR,2
DRM_KUNIT_TEST_HELPERS,2
DRM_KUNIT_TEST,2
DRM_SCHED_KUNIT_TEST,2
DRM_EXPORT_FOR_TESTS,2
DRM_BRIDGE_CONNECTOR,2
DRM_DISPLAY_HDMI_AUDIO_HELPER,2
DRM_DISPLAY_HDMI_CEC_HELPER,2
DRM_DISPLAY_HDMI_STATE_HELPER,2
DRM_VKMS_KUNIT_TEST,2
DRM_LIB_RANDOM,2
LOGO,2
LOGO_LINUX_CLUT224,2
SND_CORE_TEST,2
SND_HDA_CIRRUS_SCODEC_KUNIT_TEST,2
SND_SOC_TOPOLOGY_KUNIT_TEST,2
SND_SOC_CARD_KUNIT_TEST,2
SND_SOC_UTILS_KUNIT_TEST,2
SND_SOC_OPS_KUNIT_TEST,2
SND_SOC_INTEL_BYT_CHT_NOCODEC_MACH,2
SND_SOC_SOF_BROADWELL,2
SND_SOC_BT_SCO,2
SND_SOC_CS_AMP_LIB_TEST,2
HID_KUNIT_TEST,2
USB_SL811_HCD_ISO,2
USB_DWC3_HOST,2
USB_SERIAL_SAFE_PADDED,2
LEDS_KUNIT_TEST,2
INFINIBAND_IPOIB_DEBUG_DATA,2
RTC_LIB_KUNIT_TEST,2
VFIO_NOIOMMU,2
CROS_KUNIT_EC_PROTO_TEST,2
CLK_KUNIT_TEST,2
CLK_FIXED_RATE_KUNIT_TEST,2
CLK_GATE_KUNIT_TEST,2
CLK_FD_KUNIT_TEST,2
IOMMU_PT_KUNIT_TEST,2
INV_ICM45600_I3C,2
IIO_ST_LSM6DSX_I3C,2
IIO_GTS_KUNIT_TEST,2
IIO_RESCALE_KUNIT_TEST,2
IIO_FORMAT_KUNIT_TEST,2
IIO_MULTIPLY_KUNIT_TEST,2
NTB_PINGPONG,2
NTB_TOOL,2
NTB_PERF,2
ANDROID_BINDERFS,2
ANDROID_BINDER_ALLOC_KUNIT_TEST,2
STM_DUMMY,2
EXT4_KUNIT_TESTS,2
FAT_KUNIT_TEST,2
HFS_KUNIT_TEST,2
HFSPLUS_KUNIT_TEST,2
SQUASHFS_COMPILE_DECOMP_MULTI_PERCPU,2
NFSD_FLEXFILELAYOUT,2
NFSD_V4_DELEG_TIMESTAMPS,2
RPCSEC_GSS_KRB5_KUNIT_TEST,2
AFS_DEBUG,2
UNICODE_NORMALIZATION_KUNIT_TEST,2
INTEGRITY_CA_MACHINE_KEYRING,2
INTEGRITY_CA_MACHINE_KEYRING_MAX,2
IMA_KEXEC,2
IMA_NG_TEMPLATE,2
IMA_WRITE_POLICY,2
IMA_READ_POLICY,2
IMA_APPRAISE_MODSIG,2
IMA_KEYRINGS_PERMIT_SIGNED_BY_BUILTIN_OR_SECONDARY,2
DEFAULT_SECURITY_SELINUX,2
CRYPTO_SELFTESTS,2
CRYPTO_BENCHMARK,2
CRYPTO_JITTERENTROPY_MEMSIZE_2,2
CRYPTO_DEV_IAA_CRYPTO_STATS,2
SYSTEM_EXTRA_CERTIFICATE,2
SYSTEM_EXTRA_CERTIFICATE_SIZE,2
PACKING_KUNIT_TEST,2
PRIME_NUMBERS,2
CRC_KUNIT_TEST,2
CRYPTO_LIB_BLAKE2B_KUNIT_TEST,2
CRYPTO_LIB_BLAKE2S_KUNIT_TEST,2
CRYPTO_LIB_CURVE25519_KUNIT_TEST,2
CRYPTO_LIB_MD5_KUNIT_TEST,2
CRYPTO_LIB_POLY1305_KUNIT_TEST,2
CRYPTO_LIB_POLYVAL_KUNIT_TEST,2
CRYPTO_LIB_SHA1_KUNIT_TEST,2
CRYPTO_LIB_SHA256_KUNIT_TEST,2
CRYPTO_LIB_SHA512_KUNIT_TEST,2
CRYPTO_LIB_SHA3_KUNIT_TEST,2
CRYPTO_LIB_BENCHMARK_VISIBLE,2
DMA_NUMA_CMA,2
HEADERS_INSTALL,2
DEBUG_SECTION_MISMATCH,2
KGDB,2
KGDB_HONOUR_BLOCKLIST,2
KGDB_SERIAL_CONSOLE,2
KGDB_TESTS,2
KGDB_LOW_LEVEL_TRAP,2
ARCH_HAS_EARLY_DEBUG,2
UBSAN,2
CC_HAS_UBSAN_BOUNDS_STRICT,2
UBSAN_BOUNDS,2
UBSAN_BOUNDS_STRICT,2
UBSAN_SHIFT,2
PAGE_OWNER,2
KFENCE_KUNIT_TEST,2
TEST_LOCKUP,2
LOCK_TORTURE_TEST,2
TORTURE_TEST,2
RCU_TORTURE_TEST,2
RCU_TRACE,2
LATENCYTOP,2
TRACEFS_AUTOMOUNT_DEPRECATED,2
RING_BUFFER_BENCHMARK,2
TRACE_EVAL_MAP_FILE,2
RV_MON_EVENTS,2
RV_MON_MAINTENANCE_EVENTS,2
DA_MON_EVENTS_IMPLICIT,2
DA_MON_EVENTS_ID,2
LTL_MON_EVENTS_ID,2
RV_LTL_MONITOR,2
RV,2
RV_PER_TASK_MONITORS,2
RV_MON_WWNR,2
RV_MON_SCHED,2
RV_MON_SCO,2
RV_MON_SNROC,2
RV_MON_NRP,2
RV_MON_SSSW,2
RV_MON_RTAPP,2
RV_MON_PAGEFAULT,2
RV_REACTORS,2
RV_REACT_PRINTK,2
RV_REACT_PANIC,2
PROVIDE_OHCI1394_DMA_INIT,2
KUNIT,2
KUNIT_DEBUGFS,2
KUNIT_TEST,2
KUNIT_EXAMPLE_TEST,2
KUNIT_ALL_TESTS,2
KUNIT_AUTORUN_ENABLED,2
KUNIT_DEFAULT_TIMEOUT,2
CPUMASK_KUNIT_TEST,2
TEST_SORT,2
TEST_IOV_ITER,2
KPROBES_SANITY_TEST,2
ATOMIC64_SELFTEST,2
PRINTF_KUNIT_TEST,2
SCANF_KUNIT_TEST,2
SEQ_BUF_KUNIT_TEST,2
STRING_KUNIT_TEST,2
STRING_HELPERS_KUNIT_TEST,2
FFS_KUNIT_TEST,2
TEST_KSTRTOX,2
TEST_LKM,2
TEST_VMALLOC,2
BITFIELD_KUNIT,2
CHECKSUM_KUNIT,2
UTIL_MACROS_KUNIT,2
HASH_KUNIT_TEST,2
RESOURCE_KUNIT_TEST,2
SYSCTL_KUNIT_TEST,2
KFIFO_KUNIT_TEST,2
LIST_KUNIT_TEST,2
HASHTABLE_KUNIT_TEST,2
LINEAR_RANGES_TEST,2
CMDLINE_KUNIT_TEST,2
BASE64_KUNIT,2
BITS_TEST,2
SLUB_KUNIT_TEST,2
RATIONAL_KUNIT_TEST,2
MEMCPY_KUNIT_TEST,2
IS_SIGNED_TYPE_KUNIT_TEST,2
OVERFLOW_KUNIT_TEST,2
RANDSTRUCT_KUNIT_TEST,2
STACKINIT_KUNIT_TEST,2
FORTIFY_KUNIT_TEST,2
SIPHASH_KUNIT_TEST,2
USERCOPY_KUNIT_TEST,2
BLACKHOLE_DEV_KUNIT_TEST,2
TEST_KMOD,2
TEST_HMM,2
RATELIMIT_KUNIT_TEST,2
INT_POW_KUNIT_TEST,2
INT_SQRT_KUNIT_TEST,2
INT_LOG_KUNIT_TEST,2
GCD_KUNIT_TEST,2
PRIME_NUMBERS_KUNIT_TEST,2
